lodgement_dt,postcode,property_type,bedrooms,weekly_rent
2023-07-18,2000,F,0,500
2023-07-25,2000,F,0,630
2023-07-25,2000,F,0,750
2023-07-24,2000,F,0,660
2023-08-01,2000,F,0,660
2023-08-03,2000,F,0,560
2023-08-01,2000,F,0,660
2023-08-02,2000,F,0,685
2023-08-04,2000,F,0,725
2023-08-04,2000,F,0,650
2023-08-07,2000,F,0,530
2023-08-07,2000,F,0,695
2023-08-08,2000,F,0,550
2023-08-10,2000,F,0,650
2023-08-15,2000,F,0,595
2023-08-15,2000,F,0,650
2023-08-19,2000,F,0,590
2023-08-22,2000,F,0,660
2023-01-18,2000,F,0,780
2023-01-24,2000,F,0,580
2023-01-21,2000,F,0,620
2023-01-20,2000,F,0,650
2023-01-24,2000,F,0,650
2023-01-05,2000,F,0,700
2023-01-09,2000,F,0,650
2023-12-19,2000,F,0,600
2023-12-20,2000,F,0,650
2023-12-13,2000,F,0,600
2023-12-11,2000,F,0,800
2023-12-20,2000,F,0,800
2023-07-27,2008,F,0,340
2023-08-01,2008,F,0,270
2023-08-02,2008,F,0,500
2023-08-01,2008,F,0,420
2023-08-09,2008,F,0,380
2023-08-18,2008,F,0,270
2023-01-24,2008,F,0,495
2023-01-10,2008,F,0,700
2023-12-22,2008,F,0,360
2023-12-22,2008,F,0,400
2023-12-14,2008,F,0,420
2023-12-08,2008,F,0,750
2023-12-13,2008,F,0,430
2023-12-14,2008,F,0,650
2023-12-21,2008,F,0,750
2023-12-29,2008,F,0,750
2023-12-27,2008,F,0,650
2023-12-31,2008,F,0,750
2023-01-27,2008,F,0,710
2023-08-28,2008,F,0,650
2023-08-25,2008,F,0,550
2023-09-19,2008,F,0,400
2023-10-05,2008,F,0,400
2023-10-11,2008,F,0,470
2023-09-29,2008,F,0,680
2023-10-17,2008,F,0,650
2023-10-23,2008,F,0,650
2023-10-17,2008,F,0,270
2023-10-18,2008,F,0,650
2023-10-17,2008,F,0,270
2023-07-28,2010,F,0,425
2023-07-25,2010,F,0,380
2023-07-31,2010,F,0,355
2023-08-02,2010,F,0,3450
2023-08-03,2010,F,0,430
2023-08-03,2010,F,0,280
2023-08-03,2010,F,0,350
2023-08-03,2010,F,0,530
2023-08-02,2010,F,0,500
2023-07-31,2010,F,0,480
2023-08-02,2010,F,0,325
2023-08-04,2010,F,0,370
2023-08-04,2010,F,0,350
2023-08-11,2010,F,0,430
2023-08-11,2010,F,0,440
2023-08-21,2010,F,0,400
2023-08-18,2010,F,0,320
2023-08-17,2010,F,0,480
2023-08-22,2010,F,0,390
2023-08-22,2010,F,0,450
2023-08-22,2010,F,0,350
2023-01-20,2010,F,0,395
2023-01-19,2010,F,0,330
2023-01-01,2010,F,0,450
2023-01-03,2010,F,0,365
2023-01-09,2010,F,0,400
2023-12-17,2010,F,0,420
2023-12-20,2010,F,0,400
2023-12-16,2010,F,0,450
2023-12-20,2010,F,0,485
2023-07-24,2011,F,0,450
2023-07-21,2011,F,0,470
2023-07-24,2011,F,0,415
2023-07-25,2011,F,0,525
2023-07-26,2011,F,0,385
2023-07-27,2011,F,0,490
2023-07-24,2011,F,0,300
2023-07-25,2011,F,0,440
2023-07-25,2011,F,0,410
2023-07-28,2011,F,0,400
2023-07-25,2011,F,0,400
2023-07-27,2011,F,0,550
2023-07-28,2011,F,0,450
2023-07-31,2011,F,0,360
2023-07-28,2011,F,0,445
2023-07-28,2011,F,0,675
2023-08-01,2011,F,0,490
2023-08-03,2011,F,0,500
2023-08-03,2011,F,0,430
2023-07-31,2011,F,0,400
2023-08-02,2011,F,0,480
2023-08-02,2011,F,0,420
2023-07-28,2011,F,0,500
2023-07-29,2011,F,0,425
2023-08-08,2011,F,0,425
2023-08-05,2011,F,0,520
2023-08-08,2011,F,0,420
2023-08-08,2011,F,0,425
2023-08-07,2011,F,0,530
2023-08-07,2011,F,0,490
2023-08-08,2016,F,0,680
2023-08-08,2016,F,0,350
2023-12-17,2016,F,0,550
2023-12-15,2016,F,0,390
2023-08-30,2016,F,0,390
2023-08-29,2016,F,0,350
2023-10-03,2016,F,0,495
2023-10-09,2016,F,0,550
2023-11-28,2016,F,0,495
2023-02-02,2016,F,0,650
2023-01-31,2016,F,0,550
2023-02-03,2016,F,0,700
2023-02-03,2016,F,0,650
2023-02-06,2016,F,0,600
2023-04-14,2016,F,0,420
2023-04-17,2016,F,0,290
2023-04-18,2016,F,0,600
2023-04-14,2016,F,0,650
2023-04-13,2016,F,0,465
2023-05-05,2016,F,0,550
2023-04-29,2016,F,0,570
2023-04-28,2016,F,0,580
2023-03-07,2016,F,0,385
2023-03-27,2016,F,0,450
2023-03-22,2016,F,0,500
2023-03-14,2016,F,0,595
2023-03-30,2016,F,0,520
2023-04-03,2016,F,0,420
2023-06-09,2016,F,0,450
2023-06-30,2016,F,0,420
2023-07-24,2017,F,0,550
2023-01-11,2017,F,0,690
2023-01-25,2017,F,0,600
2023-09-26,2017,F,0,660
2023-10-24,2017,F,0,500
2023-10-10,2017,F,0,680
2023-11-08,2017,F,0,750
2023-02-01,2017,F,0,785
2023-02-14,2017,F,0,640
2023-04-06,2017,F,0,700
2023-04-20,2017,F,0,830
2023-05-17,2017,F,0,550
2023-05-26,2017,F,0,520
2023-05-29,2017,F,0,720
2023-06-05,2017,F,0,550
2023-06-06,2017,F,0,850
2023-07-21,2017,F,0,700
2023-07-28,2017,F,1,600
2023-07-26,2017,F,1,700
2023-07-25,2017,F,1,680
2023-07-28,2017,F,1,700
2023-07-25,2017,F,1,660
2023-07-24,2017,F,1,685
2023-07-24,2017,F,1,920
2023-07-28,2017,F,1,620
2023-07-25,2017,F,1,800
2023-07-27,2017,F,1,750
2023-07-26,2017,F,1,850
2023-07-24,2017,F,1,820
2023-07-24,2017,F,1,750
2023-07-28,2020,F,1,695
2023-07-25,2020,F,1,800
2023-07-24,2020,F,1,700
2023-07-19,2020,F,1,820
2023-07-21,2020,F,1,700
2023-07-21,2020,F,1,739
2023-07-24,2020,F,1,650
2023-07-24,2020,F,1,760
2023-07-21,2020,F,1,680
2023-07-21,2020,F,1,650
2023-07-21,2020,F,1,740
2023-07-21,2020,F,1,739
2023-07-21,2020,F,1,639
2023-07-21,2020,F,1,799
2023-07-21,2020,F,1,739
2023-07-21,2020,F,1,749
2023-07-21,2020,F,1,799
2023-07-21,2020,F,1,599
2023-07-21,2020,F,1,799
2023-07-21,2020,F,1,779
2023-07-21,2020,F,1,519
2023-07-21,2020,F,1,769
2023-07-21,2020,F,1,759
2023-07-21,2020,F,1,799
2023-07-21,2020,F,1,779
2023-07-21,2020,F,1,749
2023-07-21,2020,F,1,779
2023-07-21,2020,F,1,779
2023-07-21,2020,F,1,559
2023-07-21,2020,F,1,700
2023-07-27,2026,F,0,400
2023-07-27,2026,F,0,500
2023-08-01,2026,F,0,500
2023-07-31,2026,F,0,425
2023-08-02,2026,F,0,550
2023-08-04,2026,F,0,425
2023-08-10,2026,F,0,450
2023-08-12,2026,F,0,565
2023-08-15,2026,F,0,560
2023-08-18,2026,F,0,650
2023-01-20,2026,F,0,820
2023-12-22,2026,F,0,595
2023-12-22,2026,F,0,585
2023-12-19,2026,F,0,675
2023-12-11,2026,F,0,500
2023-12-10,2026,F,0,590
2023-12-14,2026,F,0,380
2023-12-22,2026,F,0,650
2023-01-18,2026,F,0,650
2023-08-24,2026,F,0,560
2023-08-31,2026,F,0,562
2023-09-04,2026,F,0,850
2023-08-29,2026,F,0,500
2023-09-21,2026,F,0,350
2023-09-19,2026,F,0,600
2023-09-20,2026,F,0,270
2023-09-25,2026,F,0,650
2023-09-29,2026,F,0,820
2023-09-25,2026,F,0,570
2023-09-29,2026,F,0,570
2023-07-21,2031,F,0,250
2023-08-04,2031,F,0,500
2023-12-20,2031,F,0,525
2023-01-25,2031,F,0,580
2023-09-16,2031,F,0,510
2023-09-21,2031,F,0,550
2023-09-19,2031,F,0,350
2023-09-29,2031,F,0,600
2023-11-23,2031,F,0,550
2023-11-22,2031,F,0,275
2023-02-01,2031,F,0,453
2023-02-03,2031,F,0,500
2023-02-16,2031,F,0,460
2023-03-01,2031,F,0,550
2023-05-05,2031,F,0,325
2023-05-16,2031,F,0,700
2023-05-12,2031,F,0,390
2023-05-16,2031,F,0,550
2023-05-30,2031,F,0,460
2023-06-07,2031,F,0,550
2023-07-12,2031,F,0,550
2023-07-21,2031,F,0,500
2023-07-22,2031,F,1,680
2023-07-19,2031,F,1,430
2023-07-19,2031,F,1,600
2023-07-21,2031,F,1,860
2023-07-20,2031,F,1,600
2023-07-20,2031,F,1,830
2023-07-26,2031,F,1,850
2023-07-25,2031,F,1,550
2023-07-24,2065,F,0,600
2023-08-11,2065,F,0,700
2023-01-20,2065,F,0,600
2023-01-21,2065,F,0,550
2023-01-09,2065,F,0,550
2023-12-22,2065,F,0,550
2023-12-11,2065,F,0,650
2023-12-14,2065,F,0,570
2023-12-08,2065,F,0,510
2023-01-25,2065,F,0,600
2023-01-30,2065,F,0,500
2023-08-24,2065,F,0,650
2023-08-29,2065,F,0,440
2023-08-30,2065,F,0,570
2023-09-28,2065,F,0,355
2023-09-19,2065,F,0,540
2023-09-15,2065,F,0,590
2023-09-19,2065,F,0,500
2023-09-22,2065,F,0,700
2023-09-26,2065,F,0,375
2023-10-03,2065,F,0,410
2023-10-10,2065,F,0,500
2023-10-23,2065,F,0,700
2023-10-23,2065,F,0,550
2023-10-23,2065,F,0,600
2023-10-23,2065,F,0,500
2023-10-13,2065,F,0,440
2023-10-30,2065,F,0,375
2023-11-06,2065,F,0,600
2023-11-07,2065,F,0,540
2023-08-11,2067,F,0,500
2023-01-14,2067,F,0,325
2023-09-29,2067,F,0,500
2023-09-30,2067,F,0,400
2023-10-28,2067,F,0,350
2023-04-18,2067,F,0,460
2023-04-04,2067,F,0,600
2023-05-05,2067,F,0,500
2023-04-24,2067,F,0,510
2023-06-15,2067,F,0,520
2023-06-22,2067,F,0,520
2023-07-19,2067,F,0,475
2023-07-19,2067,F,1,580
2023-07-20,2067,F,1,525
2023-07-20,2067,F,1,640
2023-07-24,2067,F,1,780
2023-07-20,2067,F,1,730
2023-07-20,2067,F,1,730
2023-07-21,2067,F,1,549
2023-07-21,2067,F,1,725
2023-07-21,2067,F,1,489
2023-07-21,2067,F,1,499
2023-07-21,2067,F,1,529
2023-07-21,2067,F,1,539
2023-07-21,2067,F,1,529
2023-07-21,2067,F,1,539
2023-07-24,2067,F,1,700
2023-07-24,2067,F,1,700
2023-07-26,2067,F,1,720
2023-07-28,2067,F,1,590
2023-12-08,2113,F,0,490
2023-11-02,2113,F,0,550
2023-12-01,2113,F,0,580
2023-11-24,2113,F,0,535
2023-04-18,2113,F,0,500
2023-03-13,2113,F,0,560
2023-03-24,2113,F,0,550
2023-05-22,2113,F,0,525
2023-05-23,2113,F,0,550
2023-07-27,2113,F,1,590
2023-07-25,2113,F,1,610
2023-07-25,2113,F,1,700
2023-07-25,2113,F,1,720
2023-07-26,2113,F,1,630
2023-07-27,2113,F,1,650
2023-07-28,2113,F,1,660
2023-07-28,2113,F,1,600
2023-07-24,2113,F,1,650
2023-07-26,2113,F,1,630
2023-07-24,2113,F,1,590
2023-07-21,2113,F,1,740
2023-07-21,2113,F,1,600
2023-07-22,2113,F,1,670
2023-07-21,2113,F,1,650
2023-07-20,2113,F,1,640
2023-07-20,2113,F,1,600
2023-07-21,2113,F,1,630
2023-07-20,2113,F,1,610
2023-07-27,2113,F,1,745
2023-07-26,2113,F,1,700
2023-10-03,2127,F,0,30
2023-11-09,2127,F,0,595
2023-02-11,2127,F,0,35
2023-03-20,2127,F,0,35
2023-07-26,2127,F,1,600
2023-07-26,2127,F,1,650
2023-07-24,2127,F,1,600
2023-07-24,2127,F,1,590
2023-07-27,2127,F,1,600
2023-07-28,2127,F,1,620
2023-07-21,2127,F,1,600
2023-07-21,2127,F,1,680
2023-07-19,2127,F,1,620
2023-07-21,2127,F,1,630
2023-07-20,2127,F,1,650
2023-07-18,2127,F,1,650
2023-07-20,2127,F,1,600
2023-07-25,2127,F,1,550
2023-07-27,2127,F,1,590
2023-07-25,2127,F,1,600
2023-07-25,2127,F,1,640
2023-07-26,2127,F,1,740
2023-07-25,2127,F,1,640
2023-07-28,2127,F,1,650
2023-07-26,2127,F,1,580
2023-07-28,2127,F,1,560
2023-07-27,2127,F,1,590
2023-07-28,2127,F,1,680
2023-08-02,2127,F,1,580
2023-08-03,2127,F,1,650
2023-08-22,2145,F,0,124
2023-10-05,2145,F,0,430
2023-10-26,2145,F,0,160
2023-10-13,2145,F,0,525
2023-11-10,2145,F,0,219
2023-03-02,2145,F,0,285
2023-03-30,2145,F,0,131
2023-03-30,2145,F,0,480
2023-07-18,2145,F,1,450
2023-07-21,2145,F,1,485
2023-07-21,2145,F,1,600
2023-07-21,2145,F,1,530
2023-07-19,2145,F,1,620
2023-07-19,2145,F,1,415
2023-07-28,2145,F,1,590
2023-07-24,2145,F,1,480
2023-07-27,2145,F,1,475
2023-07-28,2145,F,1,610
2023-07-28,2145,F,1,590
2023-07-27,2145,F,1,450
2023-07-25,2145,F,1,580
2023-08-03,2145,F,1,560
2023-08-02,2145,F,1,520
2023-07-31,2145,F,1,620
2023-07-28,2145,F,1,580
2023-07-31,2145,F,1,400
2023-08-01,2145,F,1,390
2023-08-03,2145,F,1,590
2023-08-04,2145,F,1,490
2023-08-04,2145,F,1,520
2023-08-11,2148,F,0,380
2023-10-13,2148,F,0,380
2023-10-17,2148,F,0,295
2023-02-28,2148,F,0,250
2023-05-10,2148,F,0,360
2023-03-28,2148,F,0,295
2023-06-14,2148,F,0,400
2023-07-19,2148,F,1,750
2023-08-04,2148,F,1,520
2023-08-05,2148,F,1,350
2023-08-06,2148,F,1,520
2023-08-08,2148,F,1,510
2023-08-08,2148,F,1,540
2023-08-04,2148,F,1,285
2023-08-14,2148,F,1,525
2023-08-11,2148,F,1,290
2023-08-17,2148,F,1,520
2023-08-22,2148,F,1,425
2023-08-18,2148,F,1,270
2023-01-18,2148,F,1,450
2023-01-05,2148,F,1,450
2023-01-06,2148,F,1,440
2023-01-02,2148,F,1,450
2023-01-02,2148,F,1,440
2023-01-09,2148,F,1,385
2023-01-09,2148,F,1,320
2023-12-29,2148,F,1,310
2023-12-21,2148,F,1,395
2023-12-19,2148,F,1,400
2023-12-15,2148,F,1,280
2023-01-20,2150,F,0,390
2023-01-06,2150,F,0,380
2023-12-27,2150,F,0,440
2023-01-12,2150,F,0,380
2023-01-12,2150,F,0,370
2023-01-13,2150,F,0,330
2023-09-12,2150,F,0,370
2023-10-09,2150,F,0,500
2023-11-08,2150,F,0,500
2023-11-24,2150,F,0,65
2023-02-20,2150,F,0,375
2023-02-27,2150,F,0,320
2023-03-01,2150,F,0,400
2023-03-02,2150,F,0,380
2023-02-20,2150,F,0,400
2023-04-13,2150,F,0,430
2023-04-28,2150,F,0,410
2023-05-03,2150,F,0,550
2023-03-06,2150,F,0,350
2023-03-30,2150,F,0,410
2023-05-19,2150,F,0,430
2023-05-23,2150,F,0,525
2023-05-15,2150,F,0,320
2023-05-31,2150,F,0,480
2023-06-01,2150,F,0,420
2023-07-04,2150,F,0,350
2023-07-22,2150,F,0,350
2023-07-27,2150,F,1,300
2023-07-25,2150,F,1,555
2023-07-25,2150,F,1,580
2023-08-02,2155,F,0,350
2023-01-24,2155,F,0,300
2023-07-26,2155,F,1,550
2023-07-28,2155,F,1,500
2023-07-25,2155,F,1,320
2023-08-04,2155,F,1,480
2023-08-09,2155,F,1,500
2023-08-10,2155,F,1,540
2023-08-15,2155,F,1,500
2023-08-11,2155,F,1,520
2023-08-21,2155,F,1,500
2023-08-17,2155,F,1,590
2023-08-16,2155,F,1,570
2023-08-15,2155,F,1,560
2023-08-15,2155,F,1,580
2023-08-17,2155,F,1,560
2023-01-13,2155,F,1,520
2023-01-23,2155,F,1,460
2023-01-20,2155,F,1,490
2023-01-23,2155,F,1,470
2023-01-06,2155,F,1,550
2023-01-09,2155,F,1,440
2023-01-09,2155,F,1,460
2023-01-09,2155,F,1,500
2023-12-19,2155,F,1,530
2023-12-18,2155,F,1,490
2023-12-15,2155,F,1,500
2023-12-08,2155,F,1,560
2023-12-12,2155,F,1,600
2023-12-08,2155,F,1,560
2023-08-02,2170,F,0,250
2023-01-09,2170,F,0,320
2023-12-11,2170,F,0,380
2023-12-08,2170,F,0,380
2023-01-13,2170,F,0,320
2023-10-17,2170,F,0,350
2023-11-21,2170,F,0,350
2023-11-16,2170,F,0,350
2023-12-08,2170,F,0,390
2023-02-06,2170,F,0,285
2023-04-28,2170,F,0,300
2023-03-20,2170,F,0,320
2023-07-24,2170,F,1,400
2023-07-22,2170,F,1,335
2023-07-21,2170,F,1,540
2023-07-18,2170,F,1,450
2023-07-21,2170,F,1,560
2023-07-20,2170,F,1,360
2023-07-27,2170,F,1,300
2023-07-25,2170,F,1,290
2023-07-24,2170,F,1,340
2023-07-24,2170,F,1,350
2023-07-28,2170,F,1,470
2023-07-24,2170,F,1,350
2023-07-25,2170,F,1,550
2023-07-27,2170,F,1,330
2023-07-28,2170,F,1,350
2023-07-25,2170,F,1,250
2023-08-01,2170,F,1,350
2023-08-02,2170,F,1,530
2023-07-27,2250,F,0,370
2023-11-07,2250,F,0,209
2023-11-10,2250,F,0,102
2023-11-24,2250,F,0,209
2023-11-29,2250,F,0,390
2023-02-17,2250,F,0,280
2023-04-19,2250,F,0,360
2023-06-02,2250,F,0,370
2023-07-28,2250,F,1,450
2023-07-28,2250,F,1,420
2023-07-28,2250,F,1,270
2023-07-27,2250,F,1,330
2023-08-03,2250,F,1,330
2023-08-02,2250,F,1,202
2023-08-03,2250,F,1,310
2023-08-03,2250,F,1,350
2023-08-04,2250,F,1,350
2023-07-25,2250,F,1,390
2023-07-25,2250,F,1,400
2023-07-25,2250,F,1,339
2023-07-25,2250,F,1,330
2023-07-28,2250,F,1,370
2023-08-01,2250,F,1,124
2023-08-04,2250,F,1,450
2023-08-04,2250,F,1,500
2023-08-09,2250,F,1,290
2023-08-04,2250,F,1,360
2023-08-10,2250,F,1,470
2023-08-08,2250,F,1,400
2023-08-11,2250,F,1,300
2023-07-28,2340,F,1,210
2023-07-27,2340,F,1,223
2023-08-03,2340,F,1,290
2023-08-07,2340,F,1,250
2023-08-08,2340,F,1,220
2023-08-14,2340,F,1,443
2023-08-16,2340,F,1,230
2023-08-15,2340,F,1,260
2023-08-18,2340,F,1,370
2023-08-18,2340,F,1,443
2023-01-16,2340,F,1,230
2023-01-23,2340,F,1,185
2023-01-03,2340,F,1,235
2023-01-09,2340,F,1,275
2023-12-18,2340,F,1,335
2023-12-18,2340,F,1,335
2023-12-19,2340,F,1,250
2023-12-22,2340,F,1,220
2023-12-22,2340,F,1,190
2023-12-22,2340,F,1,250
2023-01-17,2340,F,1,280
2023-01-11,2340,F,1,220
2023-01-10,2340,F,1,240
2023-01-24,2340,F,1,280
2023-01-27,2340,F,1,280
2023-01-27,2340,F,1,240
2023-09-08,2340,F,1,250
2023-09-14,2340,F,1,350
2023-09-15,2340,F,1,250
2023-09-28,2340,F,1,250
2023-07-19,2444,F,1,132
2023-07-19,2444,F,1,207
2023-07-24,2444,F,1,350
2023-07-25,2444,F,1,390
2023-07-27,2444,F,1,350
2023-07-28,2444,F,1,325
2023-07-28,2444,F,1,425
2023-08-04,2444,F,1,272
2023-08-08,2444,F,1,415
2023-08-01,2444,F,1,310
2023-08-08,2444,F,1,300
2023-08-14,2444,F,1,304
2023-08-11,2444,F,1,350
2023-08-11,2444,F,1,320
2023-08-18,2444,F,1,320
2023-08-22,2444,F,1,350
2023-08-17,2444,F,1,231
2023-08-16,2444,F,1,350
2023-01-16,2444,F,1,405
2023-01-16,2444,F,1,464
2023-01-20,2444,F,1,224
2023-01-04,2444,F,1,290
2023-01-04,2444,F,1,232
2023-01-11,2444,F,1,340
2023-12-19,2444,F,1,264
2023-12-20,2444,F,1,304
2023-12-19,2444,F,1,350
2023-12-20,2444,F,1,375
2023-12-20,2444,F,1,220
2023-12-16,2444,F,1,450
2023-10-26,2500,F,0,360
2023-11-08,2500,F,0,350
2023-07-26,2500,F,1,410
2023-07-27,2500,F,1,460
2023-07-25,2500,F,1,360
2023-07-28,2500,F,1,570
2023-07-26,2500,F,1,360
2023-07-28,2500,F,1,550
2023-07-20,2500,F,1,560
2023-07-19,2500,F,1,450
2023-07-18,2500,F,1,350
2023-07-27,2500,F,1,295
2023-07-25,2500,F,1,350
2023-08-04,2500,F,1,380
2023-07-31,2500,F,1,300
2023-07-29,2500,F,1,550
2023-08-02,2500,F,1,350
2023-08-04,2500,F,1,540
2023-08-04,2500,F,1,540
2023-08-04,2500,F,1,350
2023-08-08,2500,F,1,350
2023-08-04,2500,F,1,330
2023-08-07,2500,F,1,520
2023-08-15,2500,F,1,270
2023-08-14,2500,F,1,400
2023-08-10,2500,F,1,240
2023-08-15,2500,F,1,520
2023-08-11,2500,F,1,480
2023-08-11,2500,F,1,400
2023-08-11,2500,F,1,500
2023-03-13,2560,F,0,390
2023-06-01,2560,F,0,360
2023-07-27,2560,F,1,385
2023-07-31,2560,F,1,400
2023-08-10,2560,F,1,275
2023-08-10,2560,F,1,375
2023-08-14,2560,F,1,375
2023-08-14,2560,F,1,420
2023-08-15,2560,F,1,400
2023-08-14,2560,F,1,400
2023-08-18,2560,F,1,430
2023-01-24,2560,F,1,220
2023-01-13,2560,F,1,395
2023-01-09,2560,F,1,295
2023-01-11,2560,F,1,390
2023-01-05,2560,F,1,320
2023-12-18,2560,F,1,390
2023-12-19,2560,F,1,350
2023-12-12,2560,F,1,395
2023-12-11,2560,F,1,350
2023-01-16,2560,F,1,390
2023-01-25,2560,F,1,580
2023-08-24,2560,F,1,300
2023-09-08,2560,F,1,460
2023-09-11,2560,F,1,200
2023-10-03,2560,F,1,350
2023-10-23,2560,F,1,320
2023-10-17,2560,F,1,350
2023-10-18,2560,F,1,435
2023-10-16,2560,F,1,300
2023-07-24,2650,F,1,250
2023-08-03,2650,F,1,397
2023-08-01,2650,F,1,202
2023-08-11,2650,F,1,300
2023-08-15,2650,F,1,300
2023-08-16,2650,F,1,300
2023-01-19,2650,F,1,290
2023-01-19,2650,F,1,350
2023-01-24,2650,F,1,260
2023-01-03,2650,F,1,320
2023-12-18,2650,F,1,280
2023-12-21,2650,F,1,205
2023-12-13,2650,F,1,350
2023-12-13,2650,F,1,320
2023-01-11,2650,F,1,350
2023-01-10,2650,F,1,350
2023-01-30,2650,F,1,235
2023-01-25,2650,F,1,350
2023-09-01,2650,F,1,200
2023-09-04,2650,F,1,397
2023-09-05,2650,F,1,220
2023-09-14,2650,F,1,250
2023-09-13,2650,F,1,350
2023-09-26,2650,F,1,200
2023-10-03,2650,F,1,397
2023-10-09,2650,F,1,270
2023-10-25,2650,F,1,280
2023-10-20,2650,F,1,340
2023-10-20,2650,F,1,300
2023-10-13,2650,F,1,397
2023-08-14,2750,F,0,248
2023-08-28,2750,F,0,248
2023-10-24,2750,F,0,380
2023-07-14,2750,F,0,365
2023-07-25,2750,F,1,350
2023-07-24,2750,F,1,460
2023-07-28,2750,F,1,485
2023-07-26,2750,F,1,375
2023-07-27,2750,F,1,253
2023-07-31,2750,F,1,460
2023-08-03,2750,F,1,500
2023-08-02,2750,F,1,490
2023-08-02,2750,F,1,490
2023-08-08,2750,F,1,490
2023-08-07,2750,F,1,500
2023-08-09,2750,F,1,400
2023-08-16,2750,F,1,500
2023-08-10,2750,F,1,344
2023-08-10,2750,F,1,500
2023-08-15,2750,F,1,300
2023-08-11,2750,F,1,500
2023-08-18,2750,F,1,490
2023-08-21,2750,F,1,500
2023-08-22,2750,F,1,435
2023-08-17,2750,F,1,500
2023-08-18,2750,F,1,420
2023-08-21,2750,F,1,330
2023-01-20,2750,F,1,450
2023-01-20,2750,F,1,202
2023-01-17,2750,F,1,370
2024-08-20,2000,F,0,580
2024-08-22,2000,F,0,550
2024-08-01,2000,F,0,690
2024-08-01,2000,F,0,270
2024-08-02,2000,F,0,650
2024-08-20,2000,F,0,550
2024-08-08,2000,F,0,650
2024-08-15,2000,F,0,650
2024-08-15,2000,F,0,610
2024-08-09,2000,F,0,695
2024-08-12,2000,F,0,950
2024-08-09,2000,F,0,650
2024-08-22,2000,F,1,900
2024-08-26,2000,F,1,880
2024-08-22,2000,F,1,900
2024-08-23,2000,F,1,930
2024-08-23,2000,F,1,815
2024-08-23,2000,F,1,1170
2024-08-21,2000,F,1,1000
2024-08-27,2000,F,1,600
2024-08-23,2000,F,1,570
2024-08-21,2000,F,1,865
2024-08-21,2000,F,1,580
2024-08-21,2000,F,1,650
2024-08-21,2000,F,1,715
2024-08-20,2000,F,1,960
2024-08-21,2000,F,1,390
2024-08-21,2000,F,1,630
2024-08-23,2000,F,1,960
2024-08-21,2000,F,1,1100
2024-08-22,2008,F,0,595
2024-08-23,2008,F,0,595
2024-08-23,2008,F,0,595
2024-08-26,2008,F,0,645
2024-08-26,2008,F,0,595
2024-08-01,2008,F,0,720
2024-08-07,2008,F,0,695
2024-08-21,2008,F,0,650
2024-08-19,2008,F,0,595
2024-08-15,2008,F,0,789
2024-08-09,2008,F,0,450
2024-08-29,2008,F,0,550
2024-08-26,2008,F,1,577
2024-08-22,2008,F,1,799
2024-08-22,2008,F,1,759
2024-08-22,2008,F,1,626
2024-08-22,2008,F,1,667
2024-08-22,2008,F,1,909
2024-08-22,2008,F,1,769
2024-08-22,2008,F,1,779
2024-08-22,2008,F,1,949
2024-08-22,2008,F,1,626
2024-08-22,2008,F,1,789
2024-08-22,2008,F,1,626
2024-08-22,2008,F,1,626
2024-08-22,2008,F,1,769
2024-08-22,2008,F,1,999
2024-08-22,2008,F,1,999
2024-08-22,2008,F,1,999
2024-08-26,2008,F,1,800
2024-08-21,2010,F,0,480
2024-08-21,2010,F,0,400
2024-08-27,2010,F,0,480
2024-08-27,2010,F,0,530
2024-08-27,2010,F,0,520
2024-08-04,2010,F,0,485
2024-08-04,2010,F,0,450
2024-08-06,2010,F,0,495
2024-08-06,2010,F,0,430
2024-08-14,2010,F,0,440
2024-08-16,2010,F,0,600
2024-08-11,2010,F,0,450
2024-08-29,2010,F,0,495
2024-08-29,2010,F,0,495
2024-08-29,2010,F,0,500
2024-08-27,2010,F,1,650
2024-08-26,2010,F,1,660
2024-08-27,2010,F,1,885
2024-08-23,2010,F,1,390
2024-08-23,2010,F,1,750
2024-08-22,2010,F,1,340
2024-08-26,2010,F,1,570
2024-08-27,2010,F,1,700
2024-08-27,2010,F,1,715
2024-08-19,2010,F,1,680
2024-08-20,2010,F,1,550
2024-08-21,2010,F,1,750
2024-08-23,2010,F,1,575
2024-08-26,2010,F,1,475
2024-08-27,2010,F,1,665
2024-08-19,2011,F,0,470
2024-08-26,2011,F,0,675
2024-08-23,2011,F,0,445
2024-08-22,2011,F,0,485
2024-08-22,2011,F,0,390
2024-08-02,2011,F,0,450
2024-08-02,2011,F,0,490
2024-08-01,2011,F,0,550
2024-08-01,2011,F,0,550
2024-08-06,2011,F,0,565
2024-08-05,2011,F,0,410
2024-08-05,2011,F,0,400
2024-08-05,2011,F,0,550
2024-08-05,2011,F,0,600
2024-08-05,2011,F,0,500
2024-08-19,2011,F,0,460
2024-08-15,2011,F,0,650
2024-08-19,2011,F,0,430
2024-08-19,2011,F,0,450
2024-08-19,2011,F,0,550
2024-08-20,2011,F,0,390
2024-08-16,2011,F,0,560
2024-08-19,2011,F,0,450
2024-08-09,2011,F,0,450
2024-08-14,2011,F,0,430
2024-08-06,2011,F,0,480
2024-08-14,2011,F,0,425
2024-08-09,2011,F,0,460
2024-08-12,2011,F,0,520
2024-08-09,2011,F,0,520
2024-08-20,2016,F,0,695
2024-08-27,2016,F,1,550
2024-08-27,2016,F,1,530
2024-08-26,2016,F,1,839
2024-08-23,2016,F,1,380
2024-08-22,2016,F,1,800
2024-08-20,2016,F,1,575
2024-08-15,2016,F,1,250
2024-08-23,2016,F,1,785
2024-08-26,2016,F,1,770
2024-08-23,2016,F,1,580
2024-08-26,2016,F,1,675
2024-08-27,2016,F,1,750
2024-08-27,2016,F,1,500
2024-08-23,2016,F,1,695
2024-08-22,2016,F,1,650
2024-08-27,2016,F,1,740
2024-08-27,2016,F,1,720
2024-08-23,2016,F,1,626
2024-08-25,2016,F,1,595
2024-08-23,2016,F,1,395
2024-08-27,2016,F,1,565
2024-08-22,2016,F,1,749
2024-08-22,2016,F,1,729
2024-08-22,2016,F,1,909
2024-08-22,2016,F,1,626
2024-08-22,2016,F,1,550
2024-08-22,2016,F,1,577
2024-08-22,2016,F,1,729
2024-08-22,2016,F,1,729
2024-08-24,2017,F,0,535
2024-08-16,2017,F,0,675
2024-08-14,2017,F,0,695
2024-08-14,2017,F,0,800
2024-08-29,2017,F,0,800
2024-08-26,2017,F,1,850
2024-08-23,2017,F,1,720
2024-08-23,2017,F,1,730
2024-08-26,2017,F,1,870
2024-08-23,2017,F,1,700
2024-08-26,2017,F,1,800
2024-08-23,2017,F,1,980
2024-08-22,2017,F,1,795
2024-08-27,2017,F,1,750
2024-08-27,2017,F,1,680
2024-08-26,2017,F,1,700
2024-08-27,2017,F,1,780
2024-08-27,2017,F,1,680
2024-08-21,2017,F,1,850
2024-08-20,2017,F,1,800
2024-08-19,2017,F,1,730
2024-08-21,2017,F,1,850
2024-08-20,2017,F,1,695
2024-08-19,2017,F,1,810
2024-08-20,2017,F,1,700
2024-08-20,2017,F,1,700
2024-08-26,2017,F,1,820
2024-08-23,2017,F,1,800
2024-08-22,2017,F,1,810
2024-08-22,2017,F,1,760
2024-08-23,2020,F,1,520
2024-08-22,2020,F,1,800
2024-08-22,2020,F,1,800
2024-08-21,2020,F,1,800
2024-08-20,2020,F,1,420
2024-08-20,2020,F,1,740
2024-08-20,2020,F,1,750
2024-08-21,2020,F,1,720
2024-08-23,2020,F,1,600
2024-08-23,2020,F,1,800
2024-08-27,2020,F,1,440
2024-08-23,2020,F,1,760
2024-08-23,2020,F,1,650
2024-08-22,2020,F,1,650
2024-08-22,2020,F,1,680
2024-08-22,2020,F,1,659
2024-08-22,2020,F,1,809
2024-08-22,2020,F,1,859
2024-08-22,2020,F,1,789
2024-08-22,2020,F,1,789
2024-08-22,2020,F,1,639
2024-08-22,2020,F,1,789
2024-08-22,2020,F,1,659
2024-08-23,2020,F,1,850
2024-08-26,2020,F,1,619
2024-08-01,2020,F,1,789
2024-08-01,2020,F,1,659
2024-08-01,2020,F,1,639
2024-08-01,2020,F,1,659
2024-08-01,2020,F,1,809
2024-08-22,2026,F,0,700
2024-08-22,2026,F,0,560
2024-08-20,2026,F,0,580
2024-08-01,2026,F,0,480
2024-08-14,2026,F,0,620
2024-08-15,2026,F,0,730
2024-08-20,2026,F,0,550
2024-08-13,2026,F,0,575
2024-08-11,2026,F,0,630
2024-08-15,2026,F,0,390
2024-08-30,2026,F,0,100
2024-08-23,2026,F,1,700
2024-08-22,2026,F,1,995
2024-08-26,2026,F,1,550
2024-08-21,2026,F,1,900
2024-08-23,2026,F,1,920
2024-08-26,2026,F,1,1000
2024-08-22,2026,F,1,920
2024-08-22,2026,F,1,1400
2024-08-23,2026,F,1,830
2024-08-26,2026,F,1,675
2024-08-26,2026,F,1,950
2024-08-26,2026,F,1,1304
2024-08-27,2026,F,1,1400
2024-08-26,2026,F,1,850
2024-08-26,2026,F,1,800
2024-08-26,2026,F,1,850
2024-08-22,2026,F,1,810
2024-08-27,2026,F,1,725
2024-08-27,2026,F,1,1400
2024-08-22,2031,F,0,550
2024-08-27,2031,F,0,420
2024-08-28,2031,F,0,500
2024-08-22,2031,F,1,700
2024-08-21,2031,F,1,695
2024-08-26,2031,F,1,695
2024-08-23,2031,F,1,780
2024-08-27,2031,F,1,700
2024-08-21,2031,F,1,850
2024-08-26,2031,F,1,500
2024-08-25,2031,F,1,750
2024-08-27,2031,F,1,720
2024-08-21,2031,F,1,560
2024-08-22,2031,F,1,600
2024-08-24,2031,F,1,620
2024-08-22,2031,F,1,690
2024-08-22,2031,F,1,680
2024-08-27,2031,F,1,765
2024-08-25,2031,F,1,750
2024-08-20,2031,F,1,760
2024-08-19,2031,F,1,475
2024-08-21,2031,F,1,850
2024-08-21,2031,F,1,600
2024-08-21,2031,F,1,795
2024-08-08,2031,F,1,720
2024-08-07,2031,F,1,760
2024-08-07,2031,F,1,600
2024-08-06,2031,F,1,700
2024-08-06,2031,F,1,650
2024-08-04,2031,F,1,630
2024-08-16,2065,F,0,550
2024-08-14,2065,F,0,500
2024-08-08,2065,F,0,580
2024-08-29,2065,F,0,580
2024-08-21,2065,F,1,480
2024-08-21,2065,F,1,825
2024-08-27,2065,F,1,610
2024-08-25,2065,F,1,695
2024-08-26,2065,F,1,465
2024-08-27,2065,F,1,850
2024-08-27,2065,F,1,500
2024-08-22,2065,F,1,750
2024-08-23,2065,F,1,730
2024-08-23,2065,F,1,680
2024-08-19,2065,F,1,800
2024-08-20,2065,F,1,735
2024-08-26,2065,F,1,720
2024-08-26,2065,F,1,775
2024-08-01,2065,F,1,590
2024-08-01,2065,F,1,590
2024-08-01,2065,F,1,680
2024-08-01,2065,F,1,565
2024-08-01,2065,F,1,700
2024-08-05,2065,F,1,805
2024-08-02,2065,F,1,650
2024-08-02,2065,F,1,850
2024-08-05,2065,F,1,550
2024-08-05,2065,F,1,575
2024-08-05,2065,F,1,560
2024-08-06,2065,F,1,850
2024-08-27,2067,F,0,475
2024-08-11,2067,F,0,535
2024-08-23,2067,F,1,750
2024-08-21,2067,F,1,500
2024-08-21,2067,F,1,720
2024-08-20,2067,F,1,800
2024-08-23,2067,F,1,600
2024-08-26,2067,F,1,690
2024-08-22,2067,F,1,569
2024-08-26,2067,F,1,600
2024-08-27,2067,F,1,750
2024-08-22,2067,F,1,700
2024-08-21,2067,F,1,830
2024-08-01,2067,F,1,569
2024-08-01,2067,F,1,559
2024-08-01,2067,F,1,569
2024-08-01,2067,F,1,549
2024-08-01,2067,F,1,569
2024-08-01,2067,F,1,549
2024-08-01,2067,F,1,549
2024-08-01,2067,F,1,569
2024-08-01,2067,F,1,720
2024-08-01,2067,F,1,500
2024-08-01,2067,F,1,680
2024-08-01,2067,F,1,700
2024-08-02,2067,F,1,690
2024-08-01,2067,F,1,579
2024-08-01,2067,F,1,549
2024-08-01,2067,F,1,569
2024-08-01,2067,F,1,539
2024-08-01,2113,F,0,464
2024-08-14,2113,F,0,464
2024-08-15,2113,F,0,464
2024-08-08,2113,F,0,464
2024-08-29,2113,F,0,550
2024-08-27,2113,F,1,524
2024-08-23,2113,F,1,650
2024-08-21,2113,F,1,680
2024-08-20,2113,F,1,700
2024-08-20,2113,F,1,640
2024-08-20,2113,F,1,650
2024-08-24,2113,F,1,630
2024-08-22,2113,F,1,500
2024-08-21,2113,F,1,680
2024-08-22,2113,F,1,630
2024-08-22,2113,F,1,680
2024-08-23,2113,F,1,600
2024-08-26,2113,F,1,780
2024-08-26,2113,F,1,650
2024-08-23,2113,F,1,600
2024-08-21,2113,F,1,640
2024-08-22,2113,F,1,524
2024-08-23,2113,F,1,520
2024-08-23,2113,F,1,690
2024-08-27,2113,F,1,690
2024-08-27,2113,F,1,500
2024-08-22,2113,F,1,700
2024-08-26,2113,F,1,650
2024-08-27,2113,F,1,730
2024-08-01,2113,F,1,680
2024-08-26,2127,F,1,650
2024-08-27,2127,F,1,680
2024-08-27,2127,F,1,720
2024-08-21,2127,F,1,600
2024-08-22,2127,F,1,750
2024-08-26,2127,F,1,610
2024-08-20,2127,F,1,670
2024-08-23,2127,F,1,660
2024-08-23,2127,F,1,650
2024-08-27,2127,F,1,595
2024-08-23,2127,F,1,770
2024-08-24,2127,F,1,630
2024-08-23,2127,F,1,725
2024-08-23,2127,F,1,680
2024-08-27,2127,F,1,650
2024-08-26,2127,F,1,640
2024-08-27,2127,F,1,630
2024-08-27,2127,F,1,630
2024-08-26,2127,F,1,630
2024-08-26,2127,F,1,650
2024-08-23,2127,F,1,750
2024-08-24,2127,F,1,675
2024-08-04,2127,F,1,620
2024-08-02,2127,F,1,620
2024-08-02,2127,F,1,650
2024-08-01,2127,F,1,650
2024-08-02,2127,F,1,680
2024-08-01,2127,F,1,650
2024-08-01,2127,F,1,630
2024-08-01,2127,F,1,630
2024-08-19,2145,F,0,390
2024-08-21,2145,F,1,470
2024-08-27,2145,F,1,630
2024-08-24,2145,F,1,510
2024-08-23,2145,F,1,460
2024-08-23,2145,F,1,490
2024-08-26,2145,F,1,640
2024-08-22,2145,F,1,630
2024-08-26,2145,F,1,620
2024-08-22,2145,F,1,530
2024-08-26,2145,F,1,750
2024-08-26,2145,F,1,530
2024-08-02,2145,F,1,450
2024-08-02,2145,F,1,520
2024-08-01,2145,F,1,560
2024-08-01,2145,F,1,530
2024-08-06,2145,F,1,555
2024-08-15,2145,F,1,530
2024-08-15,2145,F,1,500
2024-08-20,2145,F,1,540
2024-08-20,2145,F,1,620
2024-08-19,2145,F,1,560
2024-08-09,2145,F,1,300
2024-08-13,2145,F,1,490
2024-08-12,2145,F,1,700
2024-08-14,2145,F,1,450
2024-08-13,2145,F,1,370
2024-08-09,2145,F,1,630
2024-08-07,2145,F,1,630
2024-08-27,2145,F,1,610
2024-08-20,2148,F,0,300
2024-08-23,2148,F,1,440
2024-08-26,2148,F,1,500
2024-08-21,2148,F,1,440
2024-08-02,2148,F,1,232
2024-08-02,2148,F,1,232
2024-08-02,2148,F,1,390
2024-08-05,2148,F,1,520
2024-08-15,2148,F,1,280
2024-08-13,2148,F,1,350
2024-08-10,2148,F,1,330
2024-08-10,2148,F,1,430
2024-08-26,2148,F,1,232
2024-08-26,2148,F,2,680
2024-08-23,2148,F,2,520
2024-08-26,2148,F,2,450
2024-08-22,2148,F,2,680
2024-08-26,2148,F,2,490
2024-08-21,2148,F,2,350
2024-08-20,2148,F,2,485
2024-08-23,2148,F,2,450
2024-08-21,2148,F,2,630
2024-08-27,2148,F,2,480
2024-08-23,2148,F,2,520
2024-08-22,2148,F,2,550
2024-08-23,2148,F,2,380
2024-08-05,2148,F,2,685
2024-08-05,2148,F,2,660
2024-08-05,2148,F,2,680
2024-08-02,2148,F,2,700
2024-08-22,2150,F,0,450
2024-08-05,2150,F,0,480
2024-08-15,2150,F,0,380
2024-08-16,2150,F,0,480
2024-08-27,2150,F,1,580
2024-08-22,2150,F,1,610
2024-08-23,2150,F,1,650
2024-08-23,2150,F,1,730
2024-08-22,2150,F,1,820
2024-08-23,2150,F,1,600
2024-08-23,2150,F,1,450
2024-08-22,2150,F,1,600
2024-08-26,2150,F,1,680
2024-08-26,2150,F,1,435
2024-08-27,2150,F,1,780
2024-08-23,2150,F,1,600
2024-08-22,2150,F,1,388
2024-08-27,2150,F,1,720
2024-08-24,2150,F,1,500
2024-08-02,2150,F,1,380
2024-08-04,2150,F,1,500
2024-08-05,2150,F,1,590
2024-08-02,2150,F,1,620
2024-08-02,2150,F,1,580
2024-08-02,2150,F,1,650
2024-08-01,2150,F,1,750
2024-08-05,2150,F,1,580
2024-08-06,2150,F,1,370
2024-08-08,2150,F,1,590
2024-08-06,2150,F,1,690
2024-08-21,2155,F,1,590
2024-08-24,2155,F,1,600
2024-08-27,2155,F,1,650
2024-08-22,2155,F,1,610
2024-08-23,2155,F,1,350
2024-08-23,2155,F,1,600
2024-08-23,2155,F,1,580
2024-08-26,2155,F,1,700
2024-08-01,2155,F,1,580
2024-08-01,2155,F,1,590
2024-08-01,2155,F,1,530
2024-08-02,2155,F,1,520
2024-08-01,2155,F,1,550
2024-08-05,2155,F,1,610
2024-08-02,2155,F,1,650
2024-08-06,2155,F,1,570
2024-08-08,2155,F,1,570
2024-08-06,2155,F,1,545
2024-08-16,2155,F,1,610
2024-08-14,2155,F,1,550
2024-08-19,2155,F,1,500
2024-08-16,2155,F,1,615
2024-08-13,2155,F,1,540
2024-08-29,2155,F,1,590
2024-08-31,2155,F,1,620
2024-08-27,2155,F,1,550
2024-08-22,2155,F,2,730
2024-08-27,2155,F,2,650
2024-08-23,2155,F,2,620
2024-08-23,2155,F,2,650
2024-08-16,2170,F,1,580
2024-08-21,2170,F,1,550
2024-08-19,2170,F,1,560
2024-08-26,2170,F,1,390
2024-08-23,2170,F,1,400
2024-08-22,2170,F,1,545
2024-08-26,2170,F,1,520
2024-08-26,2170,F,1,350
2024-08-02,2170,F,1,420
2024-08-06,2170,F,1,485
2024-08-06,2170,F,1,550
2024-08-08,2170,F,1,500
2024-08-06,2170,F,1,500
2024-08-05,2170,F,1,180
2024-08-06,2170,F,1,500
2024-08-19,2170,F,1,475
2024-08-15,2170,F,1,520
2024-08-15,2170,F,1,530
2024-08-16,2170,F,1,470
2024-08-15,2170,F,1,520
2024-08-15,2170,F,1,520
2024-08-16,2170,F,1,550
2024-08-09,2170,F,1,365
2024-08-19,2170,F,1,495
2024-08-16,2170,F,1,350
2024-08-15,2170,F,1,500
2024-08-07,2170,F,1,430
2024-08-29,2170,F,1,550
2024-08-29,2170,F,1,500
2024-08-28,2170,F,1,270
2024-08-23,2250,F,1,500
2024-08-26,2250,F,1,400
2024-08-26,2250,F,1,320
2024-08-26,2250,F,1,300
2024-08-21,2250,F,1,370
2024-08-26,2250,F,1,330
2024-08-05,2250,F,1,360
2024-08-05,2250,F,1,315
2024-08-05,2250,F,1,485
2024-08-01,2250,F,1,395
2024-08-02,2250,F,1,495
2024-08-15,2250,F,1,425
2024-08-19,2250,F,1,450
2024-08-09,2250,F,1,480
2024-08-12,2250,F,1,380
2024-08-09,2250,F,1,159
2024-08-13,2250,F,1,395
2024-08-28,2250,F,1,350
2024-08-30,2250,F,1,390
2024-08-24,2250,F,2,490
2024-08-24,2250,F,2,480
2024-08-26,2250,F,2,480
2024-08-26,2250,F,2,500
2024-08-23,2250,F,2,525
2024-08-23,2250,F,2,600
2024-08-27,2250,F,2,650
2024-08-24,2250,F,2,660
2024-08-23,2250,F,2,545
2024-08-23,2250,F,2,520
2024-08-01,2250,F,2,490
2024-08-19,2340,F,1,250
2024-08-16,2340,F,1,468
2024-08-24,2340,F,1,220
2024-08-23,2340,F,1,228
2024-08-02,2340,F,1,265
2024-08-07,2340,F,1,335
2024-08-02,2340,F,1,350
2024-08-07,2340,F,1,270
2024-08-20,2340,F,1,270
2024-08-20,2340,F,1,270
2024-08-16,2340,F,1,350
2024-08-16,2340,F,1,310
2024-08-14,2340,F,1,250
2024-08-30,2340,F,1,350
2024-08-29,2340,F,1,240
2024-08-28,2340,F,1,228
2024-08-29,2340,F,1,468
2024-08-16,2340,F,2,330
2024-08-16,2340,F,2,U
2024-08-21,2340,F,2,380
2024-08-22,2340,F,2,395
2024-08-06,2340,F,2,400
2024-08-07,2340,F,2,320
2024-08-02,2340,F,2,320
2024-08-02,2340,F,2,350
2024-08-02,2340,F,2,250
2024-08-19,2340,F,2,320
2024-08-15,2340,F,2,360
2024-08-16,2340,F,2,380
2024-08-16,2340,F,2,400
2024-08-23,2444,F,1,272
2024-08-23,2444,F,1,480
2024-08-22,2444,F,1,360
2024-08-23,2444,F,1,285
2024-08-27,2444,F,1,330
2024-08-21,2444,F,1,290
2024-08-21,2444,F,1,375
2024-08-02,2444,F,1,272
2024-08-01,2444,F,1,122
2024-08-01,2444,F,1,120
2024-08-01,2444,F,1,122
2024-08-01,2444,F,1,137
2024-08-07,2444,F,1,390
2024-08-19,2444,F,1,285
2024-08-14,2444,F,1,300
2024-08-09,2444,F,1,272
2024-08-09,2444,F,1,223
2024-08-26,2444,F,1,224
2024-08-28,2444,F,1,335
2024-08-28,2444,F,1,284
2024-08-28,2444,F,1,490
2024-08-20,2444,F,2,565
2024-08-22,2444,F,2,410
2024-08-26,2444,F,2,430
2024-08-07,2444,F,2,480
2024-08-08,2444,F,2,480
2024-08-06,2444,F,2,560
2024-08-01,2444,F,2,460
2024-08-01,2444,F,2,425
2024-08-02,2444,F,2,450
2024-08-23,2500,F,1,400
2024-08-23,2500,F,1,620
2024-08-01,2500,F,1,500
2024-08-01,2500,F,1,400
2024-08-01,2500,F,1,300
2024-08-02,2500,F,1,420
2024-08-02,2500,F,1,550
2024-08-05,2500,F,1,380
2024-08-07,2500,F,1,560
2024-08-16,2500,F,1,400
2024-08-19,2500,F,1,320
2024-08-15,2500,F,1,400
2024-08-21,2500,F,1,285
2024-08-08,2500,F,1,570
2024-08-09,2500,F,1,575
2024-08-09,2500,F,1,350
2024-08-14,2500,F,1,560
2024-08-12,2500,F,1,540
2024-08-30,2500,F,1,610
2024-08-29,2500,F,1,310
2024-08-27,2500,F,1,69
2024-08-26,2500,F,2,520
2024-08-26,2500,F,2,480
2024-08-26,2500,F,2,550
2024-08-26,2500,F,2,720
2024-08-26,2500,F,2,480
2024-08-23,2500,F,2,440
2024-08-22,2500,F,2,430
2024-08-24,2500,F,2,690
2024-08-22,2500,F,2,520
2024-08-27,2560,F,1,400
2024-08-26,2560,F,1,360
2024-08-06,2560,F,1,450
2024-08-29,2560,F,1,310
2024-08-29,2560,F,1,325
2024-08-22,2560,F,2,540
2024-08-21,2560,F,2,540
2024-08-06,2560,F,2,340
2024-08-07,2560,F,2,500
2024-08-06,2560,F,2,560
2024-08-06,2560,F,2,490
2024-08-06,2560,F,2,545
2024-08-02,2560,F,2,470
2024-08-01,2560,F,2,650
2024-08-01,2560,F,2,480
2024-08-14,2560,F,2,400
2024-08-16,2560,F,2,500
2024-08-15,2560,F,2,410
2024-08-19,2560,F,2,550
2024-08-20,2560,F,2,525
2024-08-12,2560,F,2,460
2024-08-29,2560,F,2,570
2024-08-30,2560,F,2,318
2024-08-29,2560,F,2,500
2024-08-28,2560,F,2,570
2024-08-28,2560,F,2,490
2024-08-27,2560,F,3,400
2024-08-21,2560,F,3,550
2024-08-19,2560,F,3,575
2024-08-05,2560,F,3,600
2024-08-27,2650,F,1,159
2024-08-22,2650,F,1,409
2024-08-21,2650,F,1,350
2024-08-23,2650,F,1,410
2024-08-01,2650,F,1,300
2024-08-02,2650,F,1,350
2024-08-09,2650,F,1,260
2024-08-28,2650,F,1,300
2024-08-26,2650,F,1,439
2024-08-27,2650,F,2,310
2024-08-22,2650,F,2,290
2024-08-24,2650,F,2,350
2024-08-04,2650,F,2,300
2024-08-02,2650,F,2,550
2024-08-05,2650,F,2,350
2024-08-01,2650,F,2,430
2024-08-01,2650,F,2,440
2024-08-02,2650,F,2,440
2024-08-02,2650,F,2,480
2024-08-02,2650,F,2,410
2024-08-02,2650,F,2,360
2024-08-07,2650,F,2,410
2024-08-07,2650,F,2,450
2024-08-20,2650,F,2,410
2024-08-15,2650,F,2,380
2024-08-14,2650,F,2,285
2024-08-13,2650,F,2,410
2024-08-13,2650,F,2,223
2024-08-09,2650,F,2,320
2024-08-30,2650,F,2,330
2024-08-21,2750,F,1,500
2024-08-23,2750,F,1,520
2024-08-07,2750,F,1,520
2024-08-20,2750,F,1,550
2024-08-16,2750,F,1,480
2024-08-13,2750,F,1,430
2024-08-15,2750,F,1,485
2024-08-16,2750,F,1,430
2024-08-19,2750,F,1,560
2024-08-19,2750,F,1,550
2024-08-08,2750,F,1,550
2024-08-09,2750,F,1,500
2024-08-14,2750,F,1,220
2024-08-30,2750,F,1,550
2024-08-28,2750,F,1,510
2024-08-30,2750,F,1,400
2024-08-30,2750,F,1,460
2024-08-22,2750,F,2,460
2024-08-21,2750,F,2,530
2024-08-26,2750,F,2,430
2024-08-20,2750,F,2,620
2024-08-23,2750,F,2,500
2024-08-23,2750,F,2,570
2024-08-27,2750,F,2,450
2024-08-23,2750,F,2,500
2024-08-26,2750,F,2,500
2024-08-22,2750,F,2,650
2024-08-23,2750,F,2,650
2024-08-26,2750,F,2,460
2024-08-06,2750,F,2,480
2016-11-02,2000,F,0,500
2016-10-04,2000,F,0,460
2016-10-21,2000,F,0,440
2016-06-24,2000,F,0,530
2016-06-29,2000,F,0,500
2016-08-30,2000,F,0,350
2016-09-12,2000,F,0,400
2016-09-03,2000,F,0,440
2016-08-10,2000,F,0,460
2016-08-11,2000,F,0,565
2016-07-14,2000,F,0,455
2016-07-21,2000,F,0,560
2016-11-11,2000,F,0,780
2016-11-11,2000,F,0,500
2016-11-22,2000,F,0,700
2016-11-21,2000,F,0,475
2016-05-20,2000,F,0,430
2016-03-09,2000,F,0,470
2016-03-03,2000,F,0,550
2016-01-15,2000,F,0,550
2016-01-11,2000,F,0,560
2016-02-01,2000,F,0,500
2016-02-02,2000,F,0,500
2016-03-31,2000,F,0,460
2016-04-12,2000,F,0,470
2016-04-11,2000,F,0,470
2016-03-23,2000,F,0,500
2016-04-08,2000,F,0,465
2016-12-20,2000,F,0,540
2016-12-09,2000,F,0,440
2016-07-11,2008,F,0,430
2016-06-24,2008,F,0,550
2016-09-19,2008,F,0,420
2016-07-14,2008,F,0,520
2016-08-02,2008,F,0,540
2016-12-21,2008,F,0,535
2016-12-06,2008,F,0,420
2016-11-14,2008,F,0,400
2016-11-08,2008,F,0,530
2016-11-22,2008,F,0,565
2016-04-28,2008,F,0,560
2016-02-17,2008,F,0,430
2016-03-03,2008,F,0,370
2016-08-04,2008,F,0,540
2016-01-05,2008,F,0,510
2016-02-03,2008,F,0,545
2016-03-29,2008,F,0,560
2016-11-02,2008,F,1,565
2016-10-29,2008,F,1,790
2016-11-01,2008,F,1,460
2016-10-25,2008,F,1,460
2016-10-25,2008,F,1,600
2016-10-26,2008,F,1,500
2016-10-26,2008,F,1,475
2016-10-24,2008,F,1,620
2016-10-24,2008,F,1,840
2016-10-21,2008,F,1,470
2016-09-29,2008,F,1,575
2016-10-04,2008,F,1,540
2016-10-05,2008,F,1,590
2016-10-20,2010,F,0,350
2016-09-29,2010,F,0,350
2016-07-13,2010,F,0,60
2016-06-02,2010,F,0,360
2016-06-30,2010,F,0,330
2016-09-16,2010,F,0,340
2016-09-16,2010,F,0,320
2016-09-16,2010,F,0,420
2016-09-16,2010,F,0,550
2016-08-29,2010,F,0,370
2016-08-30,2010,F,0,370
2016-08-15,2010,F,0,430
2016-07-13,2010,F,0,370
2016-11-30,2010,F,0,350
2016-11-24,2010,F,0,370
2016-11-25,2010,F,0,360
2016-11-25,2010,F,0,400
2016-11-03,2010,F,0,380
2016-05-05,2010,F,0,390
2016-05-30,2010,F,0,350
2016-05-25,2010,F,0,475
2016-05-30,2010,F,0,380
2016-02-23,2010,F,0,320
2016-03-08,2010,F,0,365
2016-08-08,2010,F,0,330
2016-01-25,2010,F,0,330
2016-02-02,2010,F,0,350
2016-02-09,2010,F,0,535
2016-04-15,2010,F,0,600
2016-03-24,2010,F,0,410
2016-11-02,2011,F,0,390
2016-09-30,2011,F,0,350
2016-10-05,2011,F,0,500
2016-10-20,2011,F,0,390
2016-10-20,2011,F,0,380
2016-10-20,2011,F,0,395
2016-10-20,2011,F,0,380
2016-10-20,2011,F,0,340
2016-10-20,2011,F,0,385
2016-10-20,2011,F,0,380
2016-10-20,2011,F,0,395
2016-10-20,2011,F,0,360
2016-10-24,2011,F,0,350
2016-10-21,2011,F,0,665
2016-09-30,2011,F,0,370
2016-10-04,2011,F,0,450
2016-09-28,2011,F,0,320
2016-09-23,2011,F,0,340
2016-09-23,2011,F,0,430
2016-09-21,2011,F,0,310
2016-09-23,2011,F,0,390
2016-09-27,2011,F,0,750
2016-10-14,2011,F,0,350
2016-07-11,2011,F,0,430
2016-07-08,2011,F,0,420
2016-06-15,2011,F,0,370
2016-06-09,2011,F,0,330
2016-07-05,2011,F,0,500
2016-07-05,2011,F,0,285
2016-07-01,2011,F,0,460
2016-10-10,2016,F,0,340
2016-07-07,2016,F,0,365
2016-04-11,2016,F,0,305
2016-04-13,2016,F,0,300
2016-11-02,2016,F,1,560
2016-10-04,2016,F,1,525
2016-10-05,2016,F,1,550
2016-09-30,2016,F,1,360
2016-10-03,2016,F,1,530
2016-10-06,2016,F,1,500
2016-10-05,2016,F,1,390
2016-10-17,2016,F,1,780
2016-10-18,2016,F,1,230
2016-10-18,2016,F,1,235
2016-10-18,2016,F,1,225
2016-09-23,2016,F,1,440
2016-09-26,2016,F,1,370
2016-09-27,2016,F,1,460
2016-09-22,2016,F,1,480
2016-09-22,2016,F,1,220
2016-09-22,2016,F,1,225
2016-09-26,2016,F,1,480
2016-09-26,2016,F,1,520
2016-10-05,2016,F,1,620
2016-10-06,2016,F,1,565
2016-10-06,2016,F,1,555
2016-10-10,2016,F,1,500
2016-10-10,2016,F,1,650
2016-10-10,2016,F,1,425
2016-10-10,2016,F,1,450
2016-07-04,2017,F,0,470
2016-10-24,2017,F,1,630
2016-10-24,2017,F,1,600
2016-10-26,2017,F,1,615
2016-10-26,2017,F,1,510
2016-10-26,2017,F,1,540
2016-10-26,2017,F,1,550
2016-10-26,2017,F,1,580
2016-10-25,2017,F,1,520
2016-10-25,2017,F,1,490
2016-10-25,2017,F,1,520
2016-10-25,2017,F,1,565
2016-10-25,2017,F,1,500
2016-10-25,2017,F,1,610
2016-10-21,2017,F,1,620
2016-10-21,2017,F,1,385
2016-10-21,2017,F,1,231
2016-10-21,2017,F,1,620
2016-10-24,2017,F,1,650
2016-10-04,2017,F,1,610
2016-10-04,2017,F,1,510
2016-10-05,2017,F,1,530
2016-10-05,2017,F,1,520
2016-10-05,2017,F,1,540
2016-10-05,2017,F,1,550
2016-09-30,2017,F,1,600
2016-09-30,2017,F,1,580
2016-09-30,2017,F,1,630
2016-09-30,2017,F,1,580
2016-09-29,2017,F,1,550
2016-10-26,2020,F,1,470
2016-10-25,2020,F,1,620
2016-10-28,2020,F,1,520
2016-10-05,2020,F,1,550
2016-10-05,2020,F,1,600
2016-10-06,2020,F,1,550
2016-10-13,2020,F,1,470
2016-10-17,2020,F,1,580
2016-10-17,2020,F,1,530
2016-09-23,2020,F,1,550
2016-09-21,2020,F,1,600
2016-09-28,2020,F,1,550
2016-10-06,2020,F,1,620
2016-10-17,2020,F,1,530
2016-07-11,2020,F,1,570
2016-07-04,2020,F,1,650
2016-06-10,2020,F,1,560
2016-06-08,2020,F,1,560
2016-06-10,2020,F,1,550
2016-06-07,2020,F,1,580
2016-06-15,2020,F,1,600
2016-06-15,2020,F,1,730
2016-06-15,2020,F,1,590
2016-06-15,2020,F,1,600
2016-06-16,2020,F,1,550
2016-06-24,2020,F,1,580
2016-06-29,2020,F,1,620
2016-06-28,2020,F,1,530
2016-06-28,2020,F,1,710
2016-07-01,2020,F,1,320
2016-10-25,2026,F,0,420
2016-10-31,2026,F,0,600
2016-10-27,2026,F,0,560
2016-10-05,2026,F,0,360
2016-10-04,2026,F,0,420
2016-10-06,2026,F,0,450
2016-10-24,2026,F,0,470
2016-10-11,2026,F,0,685
2016-07-06,2026,F,0,430
2016-07-07,2026,F,0,400
2016-06-09,2026,F,0,380
2016-06-24,2026,F,0,380
2016-07-21,2026,F,0,620
2016-07-12,2026,F,0,650
2016-11-16,2026,F,0,475
2016-11-30,2026,F,0,480
2016-05-03,2026,F,0,490
2016-05-31,2026,F,0,315
2016-05-31,2026,F,0,410
2016-02-26,2026,F,0,420
2016-02-18,2026,F,0,650
2016-03-04,2026,F,0,550
2016-01-28,2026,F,0,360
2016-02-01,2026,F,0,400
2016-04-15,2026,F,0,420
2016-04-07,2026,F,0,315
2016-12-10,2026,F,0,550
2016-03-20,2026,F,0,385
2016-10-27,2026,F,1,700
2016-11-02,2026,F,1,680
2016-07-22,2031,F,0,700
2016-11-19,2031,F,0,650
2016-01-18,2031,F,0,500
2016-10-19,2031,F,1,600
2016-10-24,2031,F,1,525
2016-10-26,2031,F,1,520
2016-10-26,2031,F,1,620
2016-10-26,2031,F,1,630
2016-10-26,2031,F,1,550
2016-10-28,2031,F,1,500
2016-10-26,2031,F,1,620
2016-10-24,2031,F,1,570
2016-11-02,2031,F,1,485
2016-10-24,2031,F,1,600
2016-10-27,2031,F,1,500
2016-10-27,2031,F,1,650
2016-10-04,2031,F,1,400
2016-10-04,2031,F,1,650
2016-09-30,2031,F,1,560
2016-09-30,2031,F,1,660
2016-09-30,2031,F,1,480
2016-09-30,2031,F,1,490
2016-09-30,2031,F,1,570
2016-09-30,2031,F,1,480
2016-09-30,2031,F,1,595
2016-09-30,2031,F,1,700
2016-09-30,2031,F,1,550
2016-09-30,2031,F,1,600
2016-09-29,2031,F,1,490
2016-10-10,2031,F,1,530
2016-10-14,2065,F,0,425
2016-10-19,2065,F,0,460
2016-09-27,2065,F,0,490
2016-09-26,2065,F,0,385
2016-09-22,2065,F,0,430
2016-07-06,2065,F,0,400
2016-08-31,2065,F,0,495
2016-08-29,2065,F,0,450
2016-08-10,2065,F,0,370
2016-08-13,2065,F,0,400
2016-11-14,2065,F,0,380
2016-12-01,2065,F,0,485
2016-11-04,2065,F,0,385
2016-01-18,2065,F,0,410
2016-01-18,2065,F,0,460
2016-01-22,2065,F,0,420
2016-01-07,2065,F,0,425
2016-01-04,2065,F,0,350
2016-12-14,2065,F,0,600
2016-10-27,2065,F,1,590
2016-10-27,2065,F,1,650
2016-10-27,2065,F,1,570
2016-10-27,2065,F,1,550
2016-10-26,2065,F,1,470
2016-10-31,2065,F,1,455
2016-10-28,2065,F,1,580
2016-10-26,2065,F,1,490
2016-10-25,2065,F,1,550
2016-10-20,2065,F,1,480
2016-10-26,2065,F,1,445
2016-02-22,2067,F,0,540
2016-01-02,2067,F,0,410
2016-10-27,2067,F,1,550
2016-10-27,2067,F,1,265
2016-10-26,2067,F,1,550
2016-10-24,2067,F,1,580
2016-10-20,2067,F,1,780
2016-10-25,2067,F,1,650
2016-10-28,2067,F,1,400
2016-10-28,2067,F,1,575
2016-10-25,2067,F,1,600
2016-10-05,2067,F,1,535
2016-10-05,2067,F,1,440
2016-10-06,2067,F,1,600
2016-10-04,2067,F,1,600
2016-10-04,2067,F,1,435
2016-10-04,2067,F,1,500
2016-10-04,2067,F,1,490
2016-10-04,2067,F,1,600
2016-09-30,2067,F,1,485
2016-10-04,2067,F,1,U
2016-09-29,2067,F,1,580
2016-10-18,2067,F,1,650
2016-10-17,2067,F,1,560
2016-10-12,2067,F,1,550
2016-10-20,2067,F,1,565
2016-10-24,2067,F,1,495
2016-10-24,2067,F,1,570
2016-10-24,2067,F,1,535
2016-09-22,2067,F,1,700
2016-10-20,2113,F,1,520
2016-10-24,2113,F,1,530
2016-10-24,2113,F,1,560
2016-10-24,2113,F,1,520
2016-10-24,2113,F,1,550
2016-10-24,2113,F,1,560
2016-10-25,2113,F,1,510
2016-10-26,2113,F,1,400
2016-10-05,2113,F,1,530
2016-10-05,2113,F,1,520
2016-10-05,2113,F,1,510
2016-10-05,2113,F,1,570
2016-10-06,2113,F,1,560
2016-10-07,2113,F,1,590
2016-10-04,2113,F,1,550
2016-10-04,2113,F,1,550
2016-10-04,2113,F,1,555
2016-10-04,2113,F,1,540
2016-10-04,2113,F,1,490
2016-10-04,2113,F,1,490
2016-10-04,2113,F,1,550
2016-10-04,2113,F,1,560
2016-09-30,2113,F,1,530
2016-09-29,2113,F,1,560
2016-09-29,2113,F,1,600
2016-10-17,2113,F,1,560
2016-10-17,2113,F,1,520
2016-10-17,2113,F,1,530
2016-10-14,2113,F,1,425
2016-10-14,2113,F,1,520
2016-10-21,2127,F,1,505
2016-10-26,2127,F,1,445
2016-10-24,2127,F,1,530
2016-10-29,2127,F,1,460
2016-10-31,2127,F,1,495
2016-10-28,2127,F,1,465
2016-10-26,2127,F,1,460
2016-10-26,2127,F,1,480
2016-10-28,2127,F,1,510
2016-10-05,2127,F,1,500
2016-10-05,2127,F,1,480
2016-09-29,2127,F,1,460
2016-09-29,2127,F,1,460
2016-09-30,2127,F,1,560
2016-09-29,2127,F,1,530
2016-10-17,2127,F,1,470
2016-10-14,2127,F,1,470
2016-10-14,2127,F,1,450
2016-10-18,2127,F,1,490
2016-10-24,2127,F,1,500
2016-10-24,2127,F,1,460
2016-10-24,2127,F,1,470
2016-10-24,2127,F,1,450
2016-10-24,2127,F,1,460
2016-10-24,2127,F,1,470
2016-10-22,2127,F,1,500
2016-09-21,2127,F,1,450
2016-09-22,2127,F,1,420
2016-09-26,2127,F,1,490
2016-09-23,2127,F,1,480
2016-03-21,2145,F,0,475
2016-10-21,2145,F,1,370
2016-10-21,2145,F,1,187
2016-10-25,2145,F,1,380
2016-10-27,2145,F,1,410
2016-10-31,2145,F,1,365
2016-10-04,2145,F,1,300
2016-10-05,2145,F,1,210
2016-10-11,2145,F,1,430
2016-10-18,2145,F,1,200
2016-10-15,2145,F,1,300
2016-09-22,2145,F,1,162
2016-10-07,2145,F,1,430
2016-10-07,2145,F,1,430
2016-07-05,2145,F,1,410
2016-07-08,2145,F,1,410
2016-07-07,2145,F,1,300
2016-07-07,2145,F,1,450
2016-06-09,2145,F,1,330
2016-06-08,2145,F,1,300
2016-06-08,2145,F,1,430
2016-07-01,2145,F,1,450
2016-07-01,2145,F,1,300
2016-06-06,2145,F,1,425
2016-06-02,2145,F,1,410
2016-06-03,2145,F,1,365
2016-06-06,2145,F,1,450
2016-06-06,2145,F,1,450
2016-06-06,2145,F,1,380
2016-06-20,2145,F,1,300
2016-10-25,2148,F,1,280
2016-10-20,2148,F,1,340
2016-10-20,2148,F,1,290
2016-10-20,2148,F,1,320
2016-09-29,2148,F,1,200
2016-09-29,2148,F,1,280
2016-10-13,2148,F,1,260
2016-10-17,2148,F,1,330
2016-09-22,2148,F,1,290
2016-09-26,2148,F,1,260
2016-09-26,2148,F,1,166
2016-10-07,2148,F,1,295
2016-10-10,2148,F,1,300
2016-07-06,2148,F,1,180
2016-06-08,2148,F,1,250
2016-06-07,2148,F,1,300
2016-06-09,2148,F,1,280
2016-06-23,2148,F,1,200
2016-06-29,2148,F,1,280
2016-06-29,2148,F,1,230
2016-06-30,2148,F,1,300
2016-06-21,2148,F,1,325
2016-06-20,2148,F,1,250
2016-06-29,2148,F,1,270
2016-06-29,2148,F,1,360
2016-09-19,2148,F,1,400
2016-08-31,2148,F,1,370
2016-08-25,2148,F,1,200
2016-09-08,2148,F,1,210
2016-09-07,2148,F,1,250
2016-10-27,2150,F,0,380
2016-09-27,2150,F,0,320
2016-08-13,2150,F,0,310
2016-04-27,2150,F,0,320
2016-12-21,2150,F,0,350
2016-10-27,2150,F,1,380
2016-10-28,2150,F,1,320
2016-10-21,2150,F,1,440
2016-10-21,2150,F,1,430
2016-10-21,2150,F,1,430
2016-10-20,2150,F,1,480
2016-10-20,2150,F,1,280
2016-10-24,2150,F,1,385
2016-10-24,2150,F,1,435
2016-10-26,2150,F,1,480
2016-10-26,2150,F,1,470
2016-09-30,2150,F,1,350
2016-10-04,2150,F,1,340
2016-09-30,2150,F,1,390
2016-10-17,2150,F,1,400
2016-10-13,2150,F,1,370
2016-10-12,2150,F,1,490
2016-10-13,2150,F,1,350
2016-10-13,2150,F,1,400
2016-10-13,2150,F,1,480
2016-10-12,2150,F,1,370
2016-10-24,2150,F,1,460
2016-09-21,2150,F,1,500
2016-09-19,2150,F,1,470
2016-09-26,2150,F,1,460
2016-07-16,2155,F,0,300
2016-10-24,2155,F,1,490
2016-10-20,2155,F,1,460
2016-09-30,2155,F,1,360
2016-10-12,2155,F,1,460
2016-10-18,2155,F,1,410
2016-09-21,2155,F,1,500
2016-10-11,2155,F,1,490
2016-07-04,2155,F,1,315
2016-06-07,2155,F,1,180
2016-08-10,2155,F,1,480
2016-08-17,2155,F,1,440
2016-08-10,2155,F,1,480
2016-08-10,2155,F,1,520
2016-07-07,2155,F,1,250
2016-07-11,2155,F,1,500
2016-07-11,2155,F,1,480
2016-07-11,2155,F,1,480
2016-11-15,2155,F,1,465
2016-11-10,2155,F,1,540
2016-11-10,2155,F,1,540
2016-11-10,2155,F,1,540
2016-11-10,2155,F,1,520
2016-11-10,2155,F,1,500
2016-11-10,2155,F,1,500
2016-11-10,2155,F,1,520
2016-11-21,2155,F,1,495
2016-11-25,2155,F,1,475
2016-11-04,2155,F,1,450
2016-05-05,2155,F,1,320
2016-11-02,2170,F,1,410
2016-10-27,2170,F,1,320
2016-10-27,2170,F,1,300
2016-10-24,2170,F,1,260
2016-10-04,2170,F,1,360
2016-10-10,2170,F,1,370
2016-10-18,2170,F,1,300
2016-10-18,2170,F,1,270
2016-10-14,2170,F,1,89
2016-10-12,2170,F,1,325
2016-10-19,2170,F,1,380
2016-10-19,2170,F,1,420
2016-09-22,2170,F,1,230
2016-09-20,2170,F,1,300
2016-09-28,2170,F,1,300
2016-10-07,2170,F,1,330
2016-07-05,2170,F,1,330
2016-07-05,2170,F,1,350
2016-07-06,2170,F,1,350
2016-06-14,2170,F,1,420
2016-06-29,2170,F,1,270
2016-06-23,2170,F,1,330
2016-06-23,2170,F,1,280
2016-06-23,2170,F,1,275
2016-06-22,2170,F,1,250
2016-07-04,2170,F,1,360
2016-07-01,2170,F,1,390
2016-06-03,2170,F,1,288
2016-06-06,2170,F,1,380
2016-06-01,2170,F,1,270
2016-10-20,2250,F,1,320
2016-09-30,2250,F,1,175
2016-10-04,2250,F,1,300
2016-10-10,2250,F,1,315
2016-07-05,2250,F,1,275
2016-07-05,2250,F,1,265
2016-07-05,2250,F,1,265
2016-07-05,2250,F,1,265
2016-07-05,2250,F,1,265
2016-06-09,2250,F,1,250
2016-07-06,2250,F,1,295
2016-06-03,2250,F,1,325
2016-06-03,2250,F,1,220
2016-06-06,2250,F,1,230
2016-09-16,2250,F,1,300
2016-08-24,2250,F,1,290
2016-08-31,2250,F,1,200
2016-09-07,2250,F,1,200
2016-09-08,2250,F,1,300
2016-09-13,2250,F,1,265
2016-08-18,2250,F,1,200
2016-09-05,2250,F,1,250
2016-07-07,2250,F,1,270
2016-07-29,2250,F,1,290
2016-07-27,2250,F,1,310
2016-07-27,2250,F,1,220
2016-12-22,2250,F,1,310
2016-11-29,2250,F,1,300
2016-11-04,2250,F,1,220
2016-12-01,2250,F,1,180
2016-10-25,2340,F,1,200
2016-10-20,2340,F,1,335
2016-10-20,2340,F,1,335
2016-10-21,2340,F,1,195
2016-10-21,2340,F,1,220
2016-10-31,2340,F,1,220
2016-10-05,2340,F,1,160
2016-10-04,2340,F,1,170
2016-10-21,2340,F,1,190
2016-10-25,2340,F,1,180
2016-09-23,2340,F,1,195
2016-09-22,2340,F,1,190
2016-09-22,2340,F,1,200
2016-10-06,2340,F,1,170
2016-10-06,2340,F,1,195
2016-07-05,2340,F,1,180
2016-07-06,2340,F,1,335
2016-07-11,2340,F,1,180
2016-06-07,2340,F,1,180
2016-06-10,2340,F,1,190
2016-06-10,2340,F,1,180
2016-06-10,2340,F,1,450
2016-06-23,2340,F,1,335
2016-06-23,2340,F,1,335
2016-06-30,2340,F,1,150
2016-06-03,2340,F,1,170
2016-06-06,2340,F,1,250
2016-06-17,2340,F,1,180
2016-09-13,2340,F,1,160
2016-09-13,2340,F,1,140
2016-10-07,2444,F,0,236
2016-10-07,2444,F,0,220
2016-10-07,2444,F,0,220
2016-09-19,2444,F,0,220
2016-09-19,2444,F,0,208
2016-09-19,2444,F,0,208
2016-09-19,2444,F,0,228
2016-09-19,2444,F,0,228
2016-09-19,2444,F,0,208
2016-09-19,2444,F,0,208
2016-08-30,2444,F,0,220
2016-08-30,2444,F,0,220
2016-08-30,2444,F,0,212
2016-08-30,2444,F,0,212
2016-08-30,2444,F,0,212
2016-08-30,2444,F,0,208
2016-08-30,2444,F,0,208
2016-08-12,2444,F,0,212
2016-08-12,2444,F,0,216
2016-08-12,2444,F,0,212
2016-11-28,2444,F,0,208
2016-11-28,2444,F,0,208
2016-11-21,2444,F,0,208
2016-11-21,2444,F,0,220
2016-11-21,2444,F,0,216
2016-11-21,2444,F,0,228
2016-11-21,2444,F,0,208
2016-11-21,2444,F,0,220
2016-11-21,2444,F,0,220
2016-11-21,2444,F,0,216
2016-06-01,2500,F,0,250
2016-08-01,2500,F,0,190
2016-02-26,2500,F,0,180
2016-03-01,2500,F,0,300
2016-10-21,2500,F,1,290
2016-10-28,2500,F,1,400
2016-11-02,2500,F,1,350
2016-10-29,2500,F,1,265
2016-10-28,2500,F,1,230
2016-10-27,2500,F,1,290
2016-10-27,2500,F,1,230
2016-10-04,2500,F,1,240
2016-10-04,2500,F,1,290
2016-10-04,2500,F,1,450
2016-10-04,2500,F,1,300
2016-10-04,2500,F,1,270
2016-10-04,2500,F,1,220
2016-09-29,2500,F,1,280
2016-09-29,2500,F,1,300
2016-09-30,2500,F,1,380
2016-09-30,2500,F,1,440
2016-09-29,2500,F,1,350
2016-10-05,2500,F,1,320
2016-10-05,2500,F,1,250
2016-10-05,2500,F,1,380
2016-10-10,2500,F,1,290
2016-10-19,2500,F,1,310
2016-10-19,2500,F,1,280
2016-10-13,2500,F,1,330
2016-10-18,2500,F,1,220
2016-09-29,2560,F,1,280
2016-10-18,2560,F,1,310
2016-09-27,2560,F,1,360
2016-09-26,2560,F,1,310
2016-07-06,2560,F,1,270
2016-06-10,2560,F,1,310
2016-06-10,2560,F,1,270
2016-06-27,2560,F,1,190
2016-06-28,2560,F,1,280
2016-06-22,2560,F,1,390
2016-06-22,2560,F,1,390
2016-06-22,2560,F,1,400
2016-09-19,2560,F,1,330
2016-09-19,2560,F,1,250
2016-08-30,2560,F,1,250
2016-08-30,2560,F,1,250
2016-08-19,2560,F,1,340
2016-08-19,2560,F,1,290
2016-08-23,2560,F,1,365
2016-09-02,2560,F,1,260
2016-07-12,2560,F,1,300
2016-07-13,2560,F,1,300
2016-07-27,2560,F,1,250
2016-07-29,2560,F,1,350
2016-08-01,2560,F,1,320
2016-12-21,2560,F,1,390
2016-12-02,2560,F,1,330
2016-12-02,2560,F,1,330
2016-11-07,2560,F,1,260
2016-11-04,2560,F,1,190
2016-06-28,2650,F,0,240
2016-10-19,2650,F,1,336
2016-10-27,2650,F,1,280
2016-09-29,2650,F,1,336
2016-10-04,2650,F,1,325
2016-10-14,2650,F,1,160
2016-07-05,2650,F,1,330
2016-07-05,2650,F,1,306
2016-06-23,2650,F,1,120
2016-06-27,2650,F,1,170
2016-06-27,2650,F,1,160
2016-06-02,2650,F,1,160
2016-06-15,2650,F,1,170
2016-06-20,2650,F,1,160
2016-06-20,2650,F,1,170
2016-09-15,2650,F,1,406
2016-09-14,2650,F,1,175
2016-09-19,2650,F,1,336
2016-09-01,2650,F,1,160
2016-09-09,2650,F,1,165
2016-09-08,2650,F,1,280
2016-08-24,2650,F,1,160
2016-08-15,2650,F,1,195
2016-07-21,2650,F,1,160
2016-07-12,2650,F,1,338
2016-07-20,2650,F,1,170
2016-07-29,2650,F,1,230
2016-12-21,2650,F,1,160
2016-12-20,2650,F,1,240
2016-11-08,2650,F,1,160
2016-10-24,2750,F,1,250
2016-10-26,2750,F,1,360
2016-09-30,2750,F,1,295
2016-10-13,2750,F,1,370
2016-07-06,2750,F,1,260
2016-06-08,2750,F,1,166
2016-06-28,2750,F,1,360
2016-06-28,2750,F,1,350
2016-09-16,2750,F,1,250
2016-08-23,2750,F,1,240
2016-09-09,2750,F,1,230
2016-09-12,2750,F,1,250
2016-08-19,2750,F,1,320
2016-09-03,2750,F,1,230
2016-09-03,2750,F,1,230
2016-09-03,2750,F,1,380
2016-08-08,2750,F,1,270
2016-08-17,2750,F,1,300
2016-07-22,2750,F,1,295
2016-07-11,2750,F,1,325
2016-07-30,2750,F,1,265
2016-12-21,2750,F,1,250
2016-12-01,2750,F,1,260
2016-12-05,2750,F,1,240
2016-11-14,2750,F,1,295
2016-11-21,2750,F,1,330
2016-11-01,2750,F,1,370
2016-04-28,2750,F,1,250
2016-04-26,2750,F,1,270
2016-05-09,2750,F,1,330
2017-08-02,2000,F,0,480
2017-08-28,2000,F,0,477
2017-08-31,2000,F,0,230
2017-08-07,2000,F,0,420
2017-08-08,2000,F,0,500
2017-08-17,2000,F,0,440
2017-08-17,2000,F,0,465
2017-08-17,2000,F,0,520
2017-08-21,2000,F,0,560
2017-12-28,2000,F,0,450
2017-02-01,2000,F,0,525
2017-02-01,2000,F,0,555
2017-02-03,2000,F,0,520
2017-01-24,2000,F,0,530
2017-01-25,2000,F,0,475
2017-10-20,2000,F,0,69
2017-10-18,2000,F,0,510
2017-10-18,2000,F,0,480
2017-10-31,2000,F,0,400
2017-10-09,2000,F,0,500
2017-10-12,2000,F,0,500
2017-11-03,2000,F,0,92
2017-11-08,2000,F,0,450
2017-11-24,2000,F,0,510
2017-11-16,2000,F,0,510
2017-11-20,2000,F,0,460
2017-12-18,2000,F,0,550
2017-12-14,2000,F,0,565
2017-12-02,2000,F,0,660
2017-12-06,2000,F,0,590
2017-08-03,2008,F,0,550
2017-08-08,2008,F,0,510
2017-12-21,2008,F,0,400
2017-01-09,2008,F,0,550
2017-11-06,2008,F,0,560
2017-11-13,2008,F,0,390
2017-11-24,2008,F,0,460
2017-11-17,2008,F,0,390
2017-11-17,2008,F,0,420
2017-12-18,2008,F,0,530
2017-12-08,2008,F,0,840
2017-10-11,2008,F,0,430
2017-09-07,2008,F,0,295
2017-09-19,2008,F,0,390
2017-09-12,2008,F,0,480
2017-09-13,2008,F,0,410
2017-09-19,2008,F,0,350
2017-02-06,2008,F,0,445
2017-03-02,2008,F,0,550
2017-02-27,2008,F,0,420
2017-03-06,2008,F,0,530
2017-02-28,2008,F,0,320
2017-02-28,2008,F,0,320
2017-02-23,2008,F,0,580
2017-05-09,2008,F,0,310
2017-05-08,2008,F,0,370
2017-04-13,2008,F,0,400
2017-04-10,2008,F,0,490
2017-04-28,2008,F,0,565
2017-05-15,2008,F,0,430
2017-08-04,2010,F,0,320
2017-08-02,2010,F,0,380
2017-08-01,2010,F,0,380
2017-08-28,2010,F,0,410
2017-08-29,2010,F,0,550
2017-08-31,2010,F,0,410
2017-08-10,2010,F,0,420
2017-08-07,2010,F,0,950
2017-08-07,2010,F,0,400
2017-08-04,2010,F,0,350
2017-08-04,2010,F,0,550
2017-08-04,2010,F,0,300
2017-08-04,2010,F,0,450
2017-08-16,2010,F,0,340
2017-08-16,2010,F,0,430
2017-08-18,2010,F,0,360
2017-08-17,2010,F,0,355
2017-08-24,2010,F,0,320
2017-08-24,2010,F,0,390
2017-12-19,2010,F,0,400
2017-12-20,2010,F,0,410
2017-12-22,2010,F,0,380
2017-12-20,2010,F,0,440
2017-12-22,2010,F,0,485
2017-01-04,2010,F,0,360
2017-01-25,2010,F,0,350
2017-10-17,2010,F,0,375
2017-10-19,2010,F,0,370
2017-10-25,2010,F,0,450
2017-10-31,2010,F,0,390
2017-08-02,2011,F,0,400
2017-08-04,2011,F,0,495
2017-08-31,2011,F,0,370
2017-08-28,2011,F,0,470
2017-08-26,2011,F,0,370
2017-08-30,2011,F,0,400
2017-08-28,2011,F,0,530
2017-08-29,2011,F,0,680
2017-08-29,2011,F,0,475
2017-08-10,2011,F,0,430
2017-08-08,2011,F,0,400
2017-08-08,2011,F,0,450
2017-08-08,2011,F,0,440
2017-08-04,2011,F,0,290
2017-08-04,2011,F,0,340
2017-08-16,2011,F,0,400
2017-08-14,2011,F,0,690
2017-08-15,2011,F,0,390
2017-08-16,2011,F,0,400
2017-08-16,2011,F,0,400
2017-08-12,2011,F,0,480
2017-08-21,2011,F,0,460
2017-08-22,2011,F,0,390
2017-08-18,2011,F,0,300
2017-08-18,2011,F,0,290
2017-08-23,2011,F,0,400
2017-08-18,2011,F,0,415
2017-08-21,2011,F,0,350
2017-12-22,2011,F,0,440
2017-12-21,2011,F,0,330
2017-08-07,2016,F,0,310
2017-10-31,2016,F,0,360
2017-11-01,2016,F,0,400
2017-11-13,2016,F,0,310
2017-12-14,2016,F,0,360
2017-10-06,2016,F,0,500
2017-09-26,2016,F,0,350
2017-09-25,2016,F,0,370
2017-09-17,2016,F,0,500
2017-04-21,2016,F,0,310
2017-04-26,2016,F,0,470
2017-04-26,2016,F,0,330
2017-07-03,2016,F,0,550
2017-03-09,2016,F,0,385
2017-05-22,2016,F,0,385
2017-05-27,2016,F,0,350
2017-08-03,2016,F,1,650
2017-08-01,2016,F,1,500
2017-07-31,2016,F,1,415
2017-08-04,2016,F,1,550
2017-08-01,2016,F,1,600
2017-07-26,2016,F,1,550
2017-07-26,2016,F,1,720
2017-07-27,2016,F,1,465
2017-08-01,2016,F,1,595
2017-08-02,2016,F,1,550
2017-08-30,2016,F,1,340
2017-08-28,2016,F,1,330
2017-08-24,2016,F,1,595
2017-08-24,2016,F,1,360
2017-08-31,2017,F,0,480
2017-08-24,2017,F,0,1020
2017-08-22,2017,F,0,550
2017-10-24,2017,F,0,530
2017-11-09,2017,F,0,450
2017-11-14,2017,F,0,520
2017-11-30,2017,F,0,490
2017-09-04,2017,F,0,480
2017-09-06,2017,F,0,490
2017-09-07,2017,F,0,520
2017-09-11,2017,F,0,530
2017-02-20,2017,F,0,880
2017-02-17,2017,F,0,880
2017-02-17,2017,F,0,880
2017-03-16,2017,F,0,550
2017-03-17,2017,F,0,410
2017-06-06,2017,F,0,620
2017-08-01,2017,F,1,610
2017-08-04,2017,F,1,600
2017-08-03,2017,F,1,530
2017-08-04,2017,F,1,580
2017-08-04,2017,F,1,570
2017-08-02,2017,F,1,545
2017-07-28,2017,F,1,590
2017-07-31,2017,F,1,120
2017-07-31,2017,F,1,266
2017-07-26,2017,F,1,580
2017-07-28,2017,F,1,600
2017-07-31,2017,F,1,470
2017-07-28,2017,F,1,600
2017-01-16,2020,F,0,550
2017-04-07,2020,F,0,470
2017-07-03,2020,F,0,560
2017-07-28,2020,F,1,400
2017-07-26,2020,F,1,550
2017-08-01,2020,F,1,580
2017-08-02,2020,F,1,650
2017-08-30,2020,F,1,730
2017-08-31,2020,F,1,620
2017-08-31,2020,F,1,610
2017-08-28,2020,F,1,560
2017-08-30,2020,F,1,580
2017-08-31,2020,F,1,600
2017-08-31,2020,F,1,450
2017-08-30,2020,F,1,730
2017-08-30,2020,F,1,620
2017-09-01,2020,F,1,640
2017-08-30,2020,F,1,600
2017-08-09,2020,F,1,660
2017-08-04,2020,F,1,340
2017-08-04,2020,F,1,590
2017-08-04,2020,F,1,620
2017-08-04,2020,F,1,650
2017-08-09,2020,F,1,630
2017-08-09,2020,F,1,620
2017-08-07,2020,F,1,750
2017-08-07,2020,F,1,370
2017-08-09,2020,F,1,720
2017-08-07,2020,F,1,660
2017-08-08,2020,F,1,740
2017-08-30,2026,F,0,480
2017-08-25,2026,F,0,725
2017-08-12,2026,F,0,420
2017-08-12,2026,F,0,400
2017-08-21,2026,F,0,330
2017-02-01,2026,F,0,530
2017-01-25,2026,F,0,450
2017-01-27,2026,F,0,530
2017-10-25,2026,F,0,410
2017-10-24,2026,F,0,500
2017-10-27,2026,F,0,400
2017-10-27,2026,F,0,795
2017-11-06,2026,F,0,420
2017-11-13,2026,F,0,480
2017-11-10,2026,F,0,800
2017-11-13,2026,F,0,370
2017-11-15,2026,F,0,400
2017-11-25,2026,F,0,380
2017-11-16,2026,F,0,410
2017-11-16,2026,F,0,575
2017-12-14,2026,F,0,610
2017-12-07,2026,F,0,520
2017-12-06,2026,F,0,345
2017-10-04,2026,F,0,400
2017-10-09,2026,F,0,430
2017-09-29,2026,F,0,480
2017-09-01,2026,F,0,470
2017-09-25,2026,F,0,290
2017-09-12,2026,F,0,420
2017-09-13,2026,F,0,1600
2017-08-02,2031,F,0,350
2017-08-30,2031,F,0,475
2017-08-07,2031,F,0,620
2017-01-27,2031,F,0,510
2017-01-30,2031,F,0,420
2017-10-16,2031,F,0,330
2017-11-24,2031,F,0,550
2017-11-21,2031,F,0,410
2017-12-07,2031,F,0,420
2017-02-08,2031,F,0,400
2017-03-07,2031,F,0,340
2017-02-21,2031,F,0,400
2017-05-03,2031,F,0,735
2017-07-26,2031,F,0,460
2017-06-09,2031,F,0,625
2017-08-02,2031,F,1,515
2017-08-04,2031,F,1,450
2017-08-02,2031,F,1,450
2017-08-02,2031,F,1,500
2017-07-31,2031,F,1,505
2017-08-01,2031,F,1,385
2017-08-04,2031,F,1,685
2017-08-02,2031,F,1,590
2017-08-02,2031,F,1,500
2017-08-31,2031,F,1,450
2017-08-29,2031,F,1,440
2017-08-30,2031,F,1,640
2017-08-25,2031,F,1,650
2017-08-24,2031,F,1,550
2017-08-25,2031,F,1,500
2017-08-03,2065,F,0,440
2017-08-29,2065,F,0,500
2017-08-31,2065,F,0,415
2017-08-14,2065,F,0,490
2017-08-22,2065,F,0,335
2017-01-06,2065,F,0,400
2017-11-13,2065,F,0,440
2017-11-24,2065,F,0,420
2017-11-21,2065,F,0,400
2017-12-03,2065,F,0,480
2017-12-11,2065,F,0,460
2017-10-03,2065,F,0,425
2017-02-15,2065,F,0,430
2017-02-20,2065,F,0,490
2017-02-20,2065,F,0,480
2017-03-02,2065,F,0,430
2017-02-23,2065,F,0,480
2017-05-08,2065,F,0,485
2017-05-08,2065,F,0,415
2017-05-08,2065,F,0,430
2017-04-13,2065,F,0,430
2017-04-24,2065,F,0,420
2017-04-19,2065,F,0,475
2017-04-19,2065,F,0,420
2017-05-10,2065,F,0,400
2017-05-15,2065,F,0,400
2017-07-08,2065,F,0,400
2017-07-17,2065,F,0,430
2017-07-27,2065,F,0,430
2017-07-24,2065,F,0,430
2017-08-26,2067,F,0,400
2017-08-11,2067,F,0,450
2017-01-11,2067,F,0,450
2017-10-09,2067,F,0,460
2017-10-17,2067,F,0,530
2017-11-03,2067,F,0,395
2017-11-08,2067,F,0,420
2017-12-12,2067,F,0,435
2017-09-30,2067,F,0,425
2017-10-05,2067,F,0,520
2017-09-02,2067,F,0,450
2017-02-16,2067,F,0,400
2017-02-14,2067,F,0,550
2017-05-12,2067,F,0,440
2017-06-30,2067,F,0,460
2017-04-08,2067,F,0,450
2017-05-17,2067,F,0,410
2017-05-18,2067,F,0,410
2017-06-15,2067,F,0,440
2017-08-01,2067,F,1,650
2017-07-27,2067,F,1,650
2017-07-28,2067,F,1,450
2017-08-02,2067,F,1,600
2017-08-04,2067,F,1,600
2017-08-02,2067,F,1,595
2017-08-25,2067,F,1,545
2017-08-29,2067,F,1,670
2017-08-25,2067,F,1,695
2017-09-01,2067,F,1,570
2017-08-28,2067,F,1,680
2017-07-31,2113,F,1,570
2017-08-03,2113,F,1,540
2017-08-02,2113,F,1,560
2017-08-02,2113,F,1,370
2017-08-02,2113,F,1,550
2017-07-31,2113,F,1,500
2017-08-02,2113,F,1,540
2017-08-02,2113,F,1,560
2017-08-02,2113,F,1,570
2017-08-02,2113,F,1,515
2017-08-02,2113,F,1,500
2017-08-03,2113,F,1,580
2017-07-31,2113,F,1,600
2017-08-01,2113,F,1,530
2017-08-04,2113,F,1,570
2017-08-25,2113,F,1,380
2017-08-25,2113,F,1,560
2017-08-29,2113,F,1,550
2017-08-25,2113,F,1,580
2017-08-29,2113,F,1,560
2017-08-04,2113,F,1,550
2017-08-09,2113,F,1,550
2017-08-08,2113,F,1,570
2017-08-08,2113,F,1,550
2017-08-08,2113,F,1,570
2017-08-04,2113,F,1,530
2017-08-04,2113,F,1,550
2017-08-08,2113,F,1,570
2017-08-09,2113,F,1,520
2017-08-08,2113,F,1,600
2017-03-01,2127,F,0,530
2017-03-16,2127,F,0,440
2017-07-31,2127,F,1,480
2017-07-26,2127,F,1,480
2017-07-31,2127,F,1,520
2017-07-31,2127,F,1,530
2017-08-01,2127,F,1,470
2017-08-03,2127,F,1,460
2017-07-31,2127,F,1,520
2017-08-03,2127,F,1,470
2017-08-04,2127,F,1,500
2017-08-01,2127,F,1,480
2017-08-02,2127,F,1,530
2017-08-02,2127,F,1,510
2017-07-31,2127,F,1,470
2017-08-03,2127,F,1,490
2017-08-01,2127,F,1,500
2017-08-02,2127,F,1,510
2017-08-02,2127,F,1,580
2017-08-02,2127,F,1,480
2017-08-02,2127,F,1,530
2017-08-02,2127,F,1,500
2017-08-01,2127,F,1,470
2017-08-01,2127,F,1,500
2017-08-24,2127,F,1,600
2017-08-30,2127,F,1,490
2017-08-30,2127,F,1,480
2017-08-30,2127,F,1,490
2017-08-30,2127,F,1,450
2017-08-30,2127,F,1,490
2017-07-26,2145,F,1,410
2017-08-01,2145,F,1,435
2017-08-01,2145,F,1,435
2017-08-25,2145,F,1,420
2017-08-03,2145,F,1,255
2017-08-04,2145,F,1,400
2017-08-04,2145,F,1,420
2017-08-16,2145,F,1,385
2017-08-21,2145,F,1,430
2017-08-18,2145,F,1,480
2017-08-18,2145,F,1,420
2017-08-18,2145,F,1,410
2017-12-20,2145,F,1,400
2017-12-19,2145,F,1,285
2017-12-21,2145,F,1,235
2017-12-19,2145,F,1,450
2017-12-19,2145,F,1,310
2017-12-19,2145,F,1,370
2017-12-28,2145,F,1,210
2017-01-12,2145,F,1,170
2017-01-16,2145,F,1,390
2017-02-01,2145,F,1,350
2017-02-01,2145,F,1,350
2017-02-01,2145,F,1,480
2017-02-01,2145,F,1,420
2017-01-03,2145,F,1,450
2017-01-03,2145,F,1,280
2017-01-09,2145,F,1,410
2017-01-23,2145,F,1,435
2017-01-30,2145,F,1,400
2017-07-27,2148,F,1,36
2017-08-29,2148,F,1,230
2017-08-29,2148,F,1,240
2017-08-28,2148,F,1,260
2017-08-03,2148,F,1,345
2017-08-04,2148,F,1,330
2017-08-17,2148,F,1,385
2017-08-17,2148,F,1,310
2017-08-17,2148,F,1,138
2017-12-29,2148,F,1,300
2017-12-29,2148,F,1,240
2017-12-20,2148,F,1,260
2017-01-17,2148,F,1,300
2017-01-23,2148,F,1,250
2017-01-23,2148,F,1,310
2017-10-16,2148,F,1,310
2017-11-01,2148,F,1,310
2017-10-18,2148,F,1,260
2017-10-13,2148,F,1,280
2017-10-13,2148,F,1,310
2017-10-17,2148,F,1,405
2017-11-03,2148,F,1,275
2017-11-21,2148,F,1,280
2017-11-23,2148,F,1,310
2017-11-17,2148,F,1,290
2017-11-17,2148,F,1,310
2017-11-14,2148,F,1,280
2017-12-12,2148,F,1,320
2017-12-15,2148,F,1,250
2017-12-18,2148,F,1,270
2017-08-24,2150,F,0,430
2017-12-20,2150,F,0,300
2017-01-16,2150,F,0,350
2017-01-14,2150,F,0,350
2017-01-10,2150,F,0,320
2017-10-23,2150,F,0,485
2017-10-27,2150,F,0,420
2017-11-27,2150,F,0,470
2017-12-05,2150,F,0,300
2017-10-04,2150,F,0,420
2017-05-08,2150,F,0,450
2017-04-11,2150,F,0,430
2017-04-12,2150,F,0,430
2017-04-13,2150,F,0,290
2017-04-28,2150,F,0,480
2017-05-15,2150,F,0,430
2017-05-10,2150,F,0,400
2017-05-10,2150,F,0,500
2017-05-10,2150,F,0,450
2017-07-17,2150,F,0,320
2017-07-04,2150,F,0,360
2017-07-18,2150,F,0,370
2017-03-11,2150,F,0,360
2017-03-08,2150,F,0,330
2017-03-21,2150,F,0,400
2017-03-23,2150,F,0,420
2017-03-13,2150,F,0,400
2017-03-15,2150,F,0,410
2017-03-15,2150,F,0,420
2017-03-15,2150,F,0,405
2017-08-14,2155,F,1,410
2017-08-15,2155,F,1,310
2017-08-22,2155,F,1,435
2017-12-27,2155,F,1,450
2017-12-28,2155,F,1,440
2017-01-13,2155,F,1,470
2017-01-11,2155,F,1,430
2017-10-24,2155,F,1,470
2017-10-18,2155,F,1,485
2017-11-29,2155,F,1,450
2017-11-21,2155,F,1,540
2017-12-14,2155,F,1,500
2017-12-12,2155,F,1,470
2017-12-04,2155,F,1,315
2017-10-10,2155,F,1,450
2017-10-05,2155,F,1,480
2017-10-11,2155,F,1,460
2017-10-11,2155,F,1,460
2017-09-25,2155,F,1,310
2017-09-04,2155,F,1,290
2017-09-19,2155,F,1,U
2017-09-19,2155,F,1,520
2017-09-15,2155,F,1,400
2017-09-13,2155,F,1,395
2017-03-02,2155,F,1,320
2017-03-07,2155,F,1,470
2017-02-07,2155,F,1,525
2017-02-24,2155,F,1,290
2017-05-04,2155,F,1,375
2017-04-13,2155,F,1,420
2017-11-16,2170,F,0,275
2017-09-22,2170,F,0,310
2017-09-15,2170,F,0,300
2017-05-01,2170,F,0,250
2017-05-11,2170,F,0,220
2017-05-09,2170,F,0,270
2017-05-11,2170,F,0,220
2017-07-09,2170,F,0,260
2017-05-19,2170,F,0,260
2017-05-31,2170,F,0,300
2017-05-29,2170,F,0,250
2017-05-29,2170,F,0,270
2017-05-29,2170,F,0,320
2017-07-31,2170,F,1,390
2017-07-26,2170,F,1,410
2017-07-27,2170,F,1,400
2017-08-03,2170,F,1,300
2017-08-01,2170,F,1,390
2017-08-01,2170,F,1,300
2017-08-02,2170,F,1,90
2017-08-24,2170,F,1,265
2017-08-24,2170,F,1,320
2017-08-28,2170,F,1,270
2017-08-08,2170,F,1,390
2017-08-04,2170,F,1,240
2017-08-03,2170,F,1,240
2017-08-07,2170,F,1,400
2017-08-07,2170,F,1,400
2017-08-08,2170,F,1,390
2017-08-10,2170,F,1,300
2017-10-19,2250,F,0,280
2017-10-19,2250,F,0,280
2017-11-03,2250,F,0,280
2017-11-15,2250,F,0,180
2017-09-25,2250,F,0,280
2017-02-10,2250,F,0,290
2017-02-14,2250,F,0,350
2017-02-14,2250,F,0,290
2017-02-22,2250,F,0,260
2017-05-01,2250,F,0,280
2017-04-21,2250,F,0,250
2017-07-17,2250,F,0,190
2017-05-17,2250,F,0,340
2017-05-19,2250,F,0,385
2017-08-01,2250,F,1,320
2017-07-31,2250,F,1,250
2017-08-02,2250,F,1,220
2017-08-02,2250,F,1,300
2017-08-28,2250,F,1,260
2017-08-03,2250,F,1,230
2017-08-08,2250,F,1,210
2017-08-09,2250,F,1,190
2017-08-07,2250,F,1,305
2017-08-10,2250,F,1,265
2017-08-14,2250,F,1,275
2017-08-17,2250,F,1,280
2017-08-11,2250,F,1,270
2017-08-14,2250,F,1,205
2017-12-29,2250,F,1,250
2017-12-20,2250,F,1,410
2017-08-03,2340,F,1,390
2017-08-31,2340,F,1,200
2017-08-04,2340,F,1,140
2017-08-04,2340,F,1,180
2017-08-09,2340,F,1,150
2017-08-15,2340,F,1,170
2017-08-17,2340,F,1,180
2017-08-21,2340,F,1,180
2017-08-21,2340,F,1,175
2017-08-17,2340,F,1,450
2017-08-22,2340,F,1,130
2017-08-23,2340,F,1,150
2017-12-29,2340,F,1,195
2017-01-13,2340,F,1,348
2017-01-13,2340,F,1,220
2017-02-02,2340,F,1,200
2017-02-02,2340,F,1,170
2017-02-02,2340,F,1,190
2017-01-31,2340,F,1,350
2017-01-25,2340,F,1,135
2017-01-03,2340,F,1,190
2017-01-04,2340,F,1,348
2017-01-19,2340,F,1,348
2017-01-18,2340,F,1,260
2017-10-12,2340,F,1,215
2017-10-11,2340,F,1,450
2017-10-06,2340,F,1,210
2017-11-01,2340,F,1,200
2017-11-03,2340,F,1,140
2017-11-03,2340,F,1,140
2017-08-14,2444,F,0,215
2017-11-03,2444,F,0,430
2017-02-21,2444,F,0,216
2017-02-21,2444,F,0,228
2017-05-03,2444,F,0,220
2017-04-28,2444,F,0,228
2017-03-14,2444,F,0,250
2017-07-31,2444,F,1,210
2017-07-25,2444,F,1,260
2017-08-26,2444,F,1,250
2017-08-28,2444,F,1,213
2017-08-28,2444,F,1,225
2017-08-25,2444,F,1,348
2017-08-28,2444,F,1,260
2017-08-03,2444,F,1,228
2017-08-07,2444,F,1,265
2017-08-07,2444,F,1,290
2017-08-07,2444,F,1,250
2017-08-08,2444,F,1,210
2017-08-15,2444,F,1,216
2017-08-16,2444,F,1,230
2017-08-10,2444,F,1,357
2017-08-10,2444,F,1,350
2017-08-14,2444,F,1,230
2017-08-15,2444,F,1,357
2017-08-23,2444,F,1,400
2017-08-18,2444,F,1,220
2017-08-21,2444,F,1,200
2017-08-21,2444,F,1,245
2017-08-22,2444,F,1,169
2017-11-06,2500,F,0,300
2017-11-21,2500,F,0,195
2017-05-02,2500,F,0,200
2017-04-24,2500,F,0,310
2017-06-03,2500,F,0,265
2017-07-31,2500,F,1,450
2017-07-31,2500,F,1,260
2017-08-04,2500,F,1,330
2017-08-03,2500,F,1,400
2017-08-02,2500,F,1,320
2017-08-02,2500,F,1,350
2017-08-31,2500,F,1,450
2017-08-25,2500,F,1,300
2017-09-01,2500,F,1,240
2017-08-28,2500,F,1,480
2017-08-30,2500,F,1,280
2017-08-26,2500,F,1,460
2017-08-23,2500,F,1,290
2017-08-23,2500,F,1,275
2017-08-28,2500,F,1,330
2017-08-30,2500,F,1,430
2017-08-31,2500,F,1,320
2017-08-28,2500,F,1,320
2017-08-26,2500,F,1,450
2017-08-28,2500,F,1,260
2017-08-28,2500,F,1,205
2017-08-31,2500,F,1,290
2017-08-04,2500,F,1,290
2017-08-07,2500,F,1,370
2017-08-07,2500,F,1,330
2017-01-09,2560,F,0,290
2017-07-28,2560,F,1,290
2017-08-01,2560,F,1,390
2017-08-01,2560,F,1,295
2017-08-01,2560,F,1,400
2017-08-04,2560,F,1,270
2017-08-04,2560,F,1,400
2017-08-03,2560,F,1,280
2017-08-10,2560,F,1,240
2017-08-15,2560,F,1,350
2017-08-16,2560,F,1,380
2017-08-11,2560,F,1,380
2017-08-18,2560,F,1,320
2017-08-22,2560,F,1,350
2017-12-29,2560,F,1,240
2017-02-01,2560,F,1,340
2017-02-02,2560,F,1,320
2017-01-06,2560,F,1,310
2017-01-06,2560,F,1,360
2017-01-05,2560,F,1,89
2017-01-05,2560,F,1,145
2017-01-05,2560,F,1,200
2017-01-05,2560,F,1,240
2017-01-03,2560,F,1,200
2017-01-03,2560,F,1,320
2017-01-19,2560,F,1,210
2017-01-24,2560,F,1,340
2017-01-27,2560,F,1,390
2017-10-17,2560,F,1,300
2017-10-27,2560,F,1,250
2017-10-27,2650,F,0,250
2017-03-15,2650,F,0,250
2017-08-10,2650,F,1,124
2017-08-10,2650,F,1,343
2017-01-19,2650,F,1,170
2017-01-03,2650,F,1,160
2017-01-09,2650,F,1,190
2017-01-09,2650,F,1,200
2017-01-06,2650,F,1,200
2017-01-12,2650,F,1,260
2017-01-27,2650,F,1,300
2017-11-01,2650,F,1,210
2017-10-09,2650,F,1,160
2017-10-12,2650,F,1,185
2017-11-10,2650,F,1,195
2017-11-23,2650,F,1,230
2017-11-23,2650,F,1,351
2017-11-16,2650,F,1,180
2017-12-18,2650,F,1,U
2017-12-18,2650,F,1,169
2017-12-04,2650,F,1,351
2017-12-07,2650,F,1,160
2017-12-05,2650,F,1,280
2017-12-05,2650,F,1,200
2017-09-26,2650,F,1,150
2017-09-06,2650,F,1,190
2017-09-12,2650,F,1,343
2017-09-11,2650,F,1,343
2017-02-07,2650,F,1,210
2017-02-06,2650,F,1,190
2017-08-31,2750,F,0,300
2017-08-03,2750,F,1,230
2017-08-09,2750,F,1,310
2017-08-07,2750,F,1,280
2017-08-22,2750,F,1,350
2017-08-18,2750,F,1,260
2017-12-29,2750,F,1,260
2017-12-20,2750,F,1,400
2017-12-20,2750,F,1,410
2017-12-27,2750,F,1,390
2017-12-22,2750,F,1,310
2017-12-22,2750,F,1,U
2017-01-18,2750,F,1,280
2017-01-17,2750,F,1,350
2017-01-18,2750,F,1,330
2017-01-10,2750,F,1,300
2017-01-16,2750,F,1,320
2017-02-01,2750,F,1,300
2017-01-30,2750,F,1,300
2017-02-02,2750,F,1,280
2017-01-05,2750,F,1,166
2017-01-06,2750,F,1,320
2017-01-07,2750,F,1,330
2017-01-09,2750,F,1,280
2017-01-20,2750,F,1,340
2017-01-27,2750,F,1,350
2017-10-20,2750,F,1,420
2017-10-20,2750,F,1,400
2017-10-25,2750,F,1,400
2017-10-30,2750,F,1,280
